type,url,slug,title,category,verdict,action,indexable,body_words,faq_words,original_words,h2_count,visible_verify,verify_total,placeholders,posts,duplicate_of,flags
article,https://nxtsmarthome.com.au/security-and-cameras/wired-vs-battery-security-cameras-australia/,wired-vs-battery-security-cameras-australia,Wired vs Battery Security Cameras: Which Is Best in Australia?,security,OK,,yes,1031,338,,5,0,0,,,,
article,https://nxtsmarthome.com.au/climate-and-comfort/best-smart-fans-australia/,best-smart-fans-australia,Best Smart Fans in Australia for Summer (2026),climate,OK,,yes,1123,368,,6,0,0,,,,
article,https://nxtsmarthome.com.au/lighting/circadian-smart-lighting-sleep/,circadian-smart-lighting-sleep,Do Circadian Smart Lights Improve Sleep? Tunable White Explained,lighting,OK,,yes,1118,303,,8,0,0,,,,
article,https://nxtsmarthome.com.au/entertainment-and-audio/home-cinema-lighting-automation/,home-cinema-lighting-automation,Home Cinema Automation: Dim the Lights When the Movie Starts,entertainment,OK,,yes,1324,353,,7,0,0,,,,
article,https://nxtsmarthome.com.au/entertainment-and-audio/echo-show-vs-nest-hub/,echo-show-vs-nest-hub,Echo Show vs Google Nest Hub: Which Smart Display Is Better?,entertainment,OK,,yes,1117,396,,8,0,0,,,,
article,https://nxtsmarthome.com.au/entertainment-and-audio/smart-tv-parental-controls-setup/,smart-tv-parental-controls-setup,Smart TV Parental Controls: Setup Guide for Every Major Brand,entertainment,OK,,yes,1200,349,,6,0,0,,,,
article,https://nxtsmarthome.com.au/buying-guides/smart-home-devices-home-office/,smart-home-devices-home-office,Best Smart Home Devices for a Home Office,buying-guides,DUPLICATE,"Merge with smart-home-devices-students-share-houses: keep one, 301 the other, unpublish it",yes,1647,396,,9,0,0,,,smart-home-devices-students-share-houses,
article,https://nxtsmarthome.com.au/setup-guides/separate-wifi-network-smart-devices/,separate-wifi-network-smart-devices,How to Set Up a Separate Wi-Fi Network for Smart Devices,setup-guides,OK,,yes,1749,352,,8,0,0,,,,
article,https://nxtsmarthome.com.au/entertainment-and-audio/connect-bluetooth-headphones-smart-tv/,connect-bluetooth-headphones-smart-tv,How to Connect Bluetooth Headphones to Your Smart TV,entertainment,OK,,yes,1536,396,,7,0,0,,,,
article,https://nxtsmarthome.com.au/buying-guides/smart-home-devices-students-share-houses/,smart-home-devices-students-share-houses,Best Smart Home Devices for Students and Share Houses,buying-guides,DUPLICATE,"Merge with smart-home-devices-home-office: keep one, 301 the other, unpublish it",yes,1631,366,,9,0,0,,,smart-home-devices-home-office,
article,https://nxtsmarthome.com.au/hubs-and-platforms/switch-smart-home-platforms/,switch-smart-home-platforms,How to Switch Smart Home Platforms Without Starting Over,hubs-and-platforms,OK,,yes,1574,355,,10,0,0,,,,
article,https://nxtsmarthome.com.au/energy-and-solar/amber-electric-smart-home-automation/,amber-electric-smart-home-automation,Amber Electric and Your Smart Home: Automating Wholesale Prices,energy,OK,,yes,1679,372,,8,0,0,,,,
article,https://nxtsmarthome.com.au/energy-and-solar/home-battery-rebate-smart-home-ready/,home-battery-rebate-smart-home-ready,Home Battery Rebate 2026: Choosing a Smart-Home-Ready Battery,energy,OK,,yes,1724,380,,8,0,0,,,,
article,https://nxtsmarthome.com.au/security-and-cameras/diy-vs-monitored-alarm-systems-australia/,diy-vs-monitored-alarm-systems-australia,DIY vs Monitored Alarm Systems in Australia: Which to Choose?,security,OK,,yes,1463,361,,8,0,0,,,,
article,https://nxtsmarthome.com.au/climate-and-comfort/automate-air-con-geofencing/,automate-air-con-geofencing,How to Automate Your Air Con With Geofencing,climate,OK,,yes,1798,350,,7,0,0,,,,
article,https://nxtsmarthome.com.au/security-and-cameras/security-camera-storage-cloud-vs-local/,security-camera-storage-cloud-vs-local,Security Camera Storage: Cloud vs Local vs NVR Explained,security,OK,,yes,1496,389,,6,0,0,,,,
article,https://nxtsmarthome.com.au/setup-guides/connect-smart-devices-2-4ghz-wifi/,connect-smart-devices-2-4ghz-wifi,How to Connect Smart Devices to 2.4GHz Wi-Fi on a Dual-Band Router,setup-guides,OK,,yes,1613,415,,8,0,0,,,,
article,https://nxtsmarthome.com.au/hubs-and-platforms/samsung-smartthings-australia/,samsung-smartthings-australia,"Samsung SmartThings in Australia: Setup, Devices and Limits",hubs-and-platforms,OK,,yes,1487,384,,8,0,0,,,,
article,https://nxtsmarthome.com.au/security-and-cameras/door-window-sensors-entry-alerts/,door-window-sensors-entry-alerts,Smart Door and Window Sensors: How to Set Up Entry Alerts,security,OK,,yes,1995,0,,8,0,0,,,,
article,https://nxtsmarthome.com.au/buying-guides/smart-home-devices-under-50-australia/,smart-home-devices-under-50-australia,Best Smart Home Devices Under $50 in Australia,buying-guides,DUPLICATE,"Merge with smart-home-devices-home-office: keep one, 301 the other, unpublish it",yes,1685,373,,9,0,0,,,smart-home-devices-home-office,
article,https://nxtsmarthome.com.au/hubs-and-platforms/aqara-m3-vs-hue-bridge-vs-smartthings-station/,aqara-m3-vs-hue-bridge-vs-smartthings-station,Aqara Hub M3 vs Philips Hue Bridge vs SmartThings Station,hubs-and-platforms,OK,,yes,1593,413,,7,0,0,,,,
article,https://nxtsmarthome.com.au/lighting/best-smart-light-switches-australia/,best-smart-light-switches-australia,Best Smart Light Switches in Australia (Neutral vs No-Neutral),lighting,OK,,yes,1622,382,,9,0,0,,,,
article,https://nxtsmarthome.com.au/energy-and-solar/smart-energy-monitors-australia/,smart-energy-monitors-australia,Best Smart Energy Monitors in Australia (2026): Buying Guide,energy,OK,,yes,1803,347,,7,0,0,,,,
article,https://nxtsmarthome.com.au/security-and-cameras/stop-parcel-theft-smart-doorbell/,stop-parcel-theft-smart-doorbell,How to Stop Parcel Theft With Smart Doorbells and Lockers,security,OK,,yes,1520,363,,7,0,0,,,,
article,https://nxtsmarthome.com.au/hubs-and-platforms/what-is-thread-border-router/,what-is-thread-border-router,What Is a Thread Border Router (and Do You Already Own One)?,hubs-and-platforms,OK,,yes,1576,327,,6,0,0,,,,
article,https://nxtsmarthome.com.au/robot-vacuums/stick-vacuum-vs-robot-vacuum/,stick-vacuum-vs-robot-vacuum,Stick Vacuum vs Robot Vacuum: Which Do You Actually Need?,robot-vacuums,OK,,yes,1425,373,,8,0,0,,,,
article,https://nxtsmarthome.com.au/security-and-cameras/reolink-vs-eufy-security-cameras/,reolink-vs-eufy-security-cameras,Reolink vs Eufy: Which Security Camera Brand Is Better?,security,OK,,yes,1641,372,,10,0,0,,,,
article,https://nxtsmarthome.com.au/entertainment-and-audio/wireless-home-theatre-setup-australia/,wireless-home-theatre-setup-australia,Wireless Home Theatre Setup Guide for Australian Living Rooms,entertainment,OK,,yes,1200,336,,8,0,0,,,,
article,https://nxtsmarthome.com.au/lighting/smart-lighting-kids-rooms/,smart-lighting-kids-rooms,Smart Lighting for Kids' Rooms: Night Lights and Wake-Up Routines,lighting,OK,,yes,1155,381,,6,0,0,,,,
article,https://nxtsmarthome.com.au/lighting/smart-lighting-scene-ideas/,smart-lighting-scene-ideas,Smart Lighting Scene Ideas for Every Room in the House,lighting,OK,,yes,1278,388,,6,0,0,,,,
article,https://nxtsmarthome.com.au/robot-vacuums/robot-vacuum-keeps-getting-stuck/,robot-vacuum-keeps-getting-stuck,Why Does My Robot Vacuum Keep Getting Stuck? 9 Fixes,robot-vacuums,OK,,yes,1298,339,,5,0,0,,,,
article,https://nxtsmarthome.com.au/robot-vacuums/roborock-vs-ecovacs-vs-dreame-australia/,roborock-vs-ecovacs-vs-dreame-australia,Roborock vs Ecovacs vs Dreame in Australia (2026),robot-vacuums,OK,,yes,1252,397,,6,0,0,,,,
article,https://nxtsmarthome.com.au/robot-vacuums/self-emptying-robot-vacuum-worth-it/,self-emptying-robot-vacuum-worth-it,"Are Self-Emptying Robot Vacuums Worth It? Bags, Noise and Cost",robot-vacuums,OK,,yes,1112,363,,6,0,0,,,,
article,https://nxtsmarthome.com.au/setup-guides/name-smart-devices-voice-commands/,name-smart-devices-voice-commands,How to Name Smart Devices So Voice Commands Actually Work,setup-guides,OK,,yes,1225,323,,7,0,0,,,,
article,https://nxtsmarthome.com.au/setup-guides/smart-home-automation-routines-beginners/,smart-home-automation-routines-beginners,Smart Home Automation for Beginners: Your First 5 Routines,setup-guides,OK,,yes,1347,358,,10,0,0,,,,
article,https://nxtsmarthome.com.au/climate-and-comfort/smart-ducted-air-con-zoning/,smart-ducted-air-con-zoning,Ducted Air Con Zoning: Can You Make It Smart?,climate,OK,,yes,1146,357,,7,0,0,,,,
article,https://nxtsmarthome.com.au/climate-and-comfort/indoor-air-quality-monitor-co2-pm25/,indoor-air-quality-monitor-co2-pm25,Indoor Air Quality Monitors: What CO2 and PM2.5 Readings Mean,climate,OK,,yes,1282,376,,7,0,0,,,,
article,https://nxtsmarthome.com.au/energy-and-solar/standby-power-costs-appliances-australia/,standby-power-costs-appliances-australia,Standby Power: Which Appliances Cost the Most to Leave On?,energy,OK,,yes,1345,391,,6,0,0,,,,
article,https://nxtsmarthome.com.au/security-and-cameras/smart-lock-compatibility-australian-doors/,smart-lock-compatibility-australian-doors,Smart Lock Compatibility: Will It Fit Your Australian Door?,security,OK,,yes,1153,346,,7,0,0,,,,
article,https://nxtsmarthome.com.au/energy-and-solar/smart-plugs-energy-monitors-lower-power-bill-australia/,smart-plugs-energy-monitors-lower-power-bill-australia,How Smart Plugs and Energy Monitors Can Cut Your Australian Power Bill,energy,OK,,yes,1925,419,,9,0,0,,,,merge survivor
article,https://nxtsmarthome.com.au/setup-guides/home-assistant-energy-dashboard-solar-export-time-of-use-tariffs/,home-assistant-energy-dashboard-solar-export-time-of-use-tariffs,How to Build a Home Assistant Energy Dashboard That Tracks Solar Export and Time-of-Use Tariffs,setup-guides,OK,,yes,1554,375,,6,0,0,,,,
article,https://nxtsmarthome.com.au/robot-vacuums/robot-vacuum-dock-placement-rental-apartment-no-new-wiring/,robot-vacuum-dock-placement-rental-apartment-no-new-wiring,Where to Put a Robot Vacuum Dock in a Rental or Apartment Without New Wiring,robot-vacuums,OK,,yes,1381,425,,6,0,0,,,,
article,https://nxtsmarthome.com.au/robot-vacuums/robot-vacuum-running-costs-australia/,robot-vacuum-running-costs-australia,What a Robot Vacuum Actually Costs to Keep Running in Australia After the Purchase Price,robot-vacuums,OK,,yes,1365,430,,6,0,0,,,,
article,https://nxtsmarthome.com.au/setup-guides/zigbee-mesh-garage-granny-flat-double-brick-home/,zigbee-mesh-garage-granny-flat-double-brick-home,How to Set Up a Zigbee Mesh That Reaches the Garage and Granny Flat in a Double Brick Home,setup-guides,OK,,yes,1626,358,,8,0,0,,,,
article,https://nxtsmarthome.com.au/robot-vacuums/robot-vacuum-local-home-assistant-no-cloud/,robot-vacuum-local-home-assistant-no-cloud,Running a Robot Vacuum Locally in Home Assistant (No Cloud),robot-vacuums,OK,,yes,1409,428,,6,0,0,,,,
article,https://nxtsmarthome.com.au/climate-and-comfort/smart-thermostat-gas-ducted-hydronic-heating-australia/,smart-thermostat-gas-ducted-hydronic-heating-australia,Smart Thermostat Options for Gas Ducted and Hydronic Heating in Older Australian Homes,climate,OK,,yes,1509,475,,6,0,0,,,,
article,https://nxtsmarthome.com.au/climate-and-comfort/bathroom-humidity-sensor-exhaust-fan-automation-australia/,bathroom-humidity-sensor-exhaust-fan-automation-australia,Humidity Sensors and Exhaust Fan Automation for Australian Bathrooms,climate,OK,,yes,1507,427,,7,0,0,,,,
article,https://nxtsmarthome.com.au/climate-and-comfort/reverse-cycle-air-conditioner-rooftop-solar-australia/,reverse-cycle-air-conditioner-rooftop-solar-australia,Running Your Reverse Cycle Air Conditioner Off Rooftop Solar Instead of the Grid,climate,OK,,yes,1574,411,,6,0,0,,,,
article,https://nxtsmarthome.com.au/climate-and-comfort/smart-zoning-ducted-air-conditioning-cost-australia/,smart-zoning-ducted-air-conditioning-cost-australia,What Smart Zoning Actually Costs on Ducted Air Conditioning in Australia,climate,OK,,yes,1494,430,,8,0,0,,,,
article,https://nxtsmarthome.com.au/entertainment-and-audio/outdoor-tvs-projectors-speakers-australian-summer/,outdoor-tvs-projectors-speakers-australian-summer,"Outdoor TVs, Projectors and Speakers That Survive an Australian Summer",entertainment,OK,,yes,1537,514,,6,0,0,,,,
article,https://nxtsmarthome.com.au/entertainment-and-audio/movie-night-lighting-scenes-you-can-build-without-touching-the-switchboard/,movie-night-lighting-scenes-you-can-build-without-touching-the-switchboard,Movie Night Lighting Scenes You Can Build Without Touching the Switchboard,entertainment,OK,,yes,1346,386,,7,0,0,,,,
article,https://nxtsmarthome.com.au/entertainment-and-audio/streaming-box-australia-free-to-air-catch-up-tv/,streaming-box-australia-free-to-air-catch-up-tv,Choosing a Streaming Box in Australia When You Still Watch Free-to-Air and Catch-Up TV,entertainment,OK,,yes,1404,436,,5,0,0,,,,
article,https://nxtsmarthome.com.au/lighting/smart-lighting-rental-australia-no-wiring/,smart-lighting-rental-australia-no-wiring,Getting Smart Lighting Into a Rental Without Touching the Wiring or Losing Your Bond,lighting,OK,,yes,1382,363,,5,0,0,,,,
article,https://nxtsmarthome.com.au/security-and-cameras/keep-security-cameras-running-blackout-nbn-outage/,keep-security-cameras-running-blackout-nbn-outage,Keep Your Security Cameras Recording When the Power or NBN Goes Down,security,OK,,yes,2095,483,,7,0,0,,,,merge survivor
article,https://nxtsmarthome.com.au/lighting/smart-downlights-australian-ceilings-insulation-clearance-rules/,smart-downlights-australian-ceilings-insulation-clearance-rules,"Smart Downlights in Australian Ceilings: Insulation Clearance Rules, Explained",lighting,OK,,yes,1447,454,,6,0,0,,,,
article,https://nxtsmarthome.com.au/security-and-cameras/local-recording-vs-cloud-subscriptions-security-cameras-australia/,local-recording-vs-cloud-subscriptions-security-cameras-australia,Local Recording vs Cloud Subscriptions for Home Security Cameras in Australia,security,OK,,yes,1387,405,,6,0,0,,,,
article,https://nxtsmarthome.com.au/security-and-cameras/wiring-video-doorbell-australian-chime-transformer/,wiring-video-doorbell-australian-chime-transformer,Wiring a Video Doorbell to an Australian Chime and Transformer Without Breaking the Rules,security,OK,,yes,1489,458,,6,0,0,,,,
article,https://nxtsmarthome.com.au/lighting/smart-light-switches-neutral-wire-older-australian-homes/,smart-light-switches-neutral-wire-older-australian-homes,Smart Light Switches Without a Neutral Wire: Options for Older Australian Homes,lighting,OK,,yes,2007,705,,8,0,0,,,,merge survivor
article,https://nxtsmarthome.com.au/buying-guides/smart-home-hub-buying-guide-australia/,smart-home-hub-buying-guide-australia,"Smart Home Hubs in Australia: Do You Need One, and Which Hub Suits You?",buying-guides,OK,,yes,1569,241,,9,0,0,,,,
article,https://nxtsmarthome.com.au/energy-and-solar/smart-plug-buying-guide-australia/,smart-plug-buying-guide-australia,Smart Plug Buying Guide: What to Check Before You Buy in Australia,energy,OK,,yes,1447,295,,8,0,0,,,,
article,https://nxtsmarthome.com.au/energy-and-solar/what-not-to-plug-into-a-smart-plug-australia/,what-not-to-plug-into-a-smart-plug-australia,What You Should Never Plug Into a Smart Plug,energy,OK,,yes,1278,332,,7,0,0,,,,
article,https://nxtsmarthome.com.au/buying-guides/smart-home-holiday-house-australia/,smart-home-holiday-house-australia,Smart Home Gear for a Holiday House or Short-Stay Rental,buying-guides,OK,,yes,1176,285,,7,0,0,,,,
article,https://nxtsmarthome.com.au/buying-guides/smart-home-devices-older-australians/,smart-home-devices-older-australians,Smart Home Devices for Older Australians,buying-guides,OK,,yes,1099,263,,8,0,0,,,,
article,https://nxtsmarthome.com.au/buying-guides/second-hand-smart-home-devices-australia/,second-hand-smart-home-devices-australia,Buying Second-Hand Smart Home Devices in Australia,buying-guides,OK,,yes,1460,311,,8,0,0,,,,
article,https://nxtsmarthome.com.au/buying-guides/overseas-smart-home-devices-australia/,overseas-smart-home-devices-australia,Do Overseas Smart Home Devices Work in Australia?,buying-guides,DUPLICATE,"Merge with smart-home-devices-under-50-australia: keep one, 301 the other, unpublish it",yes,840,284,,5,0,0,,,smart-home-devices-under-50-australia,
article,https://nxtsmarthome.com.au/buying-guides/future-proof-smart-home-devices-australia/,future-proof-smart-home-devices-australia,Buying Smart Home Devices That Will Still Work in Five Years,buying-guides,OK,,yes,1046,219,,6,0,0,,,,
article,https://nxtsmarthome.com.au/buying-guides/where-to-buy-smart-home-australia/,where-to-buy-smart-home-australia,Where to Buy Smart Home Gear in Australia: Bunnings vs JB Hi-Fi,buying-guides,OK,,yes,1433,334,,6,0,0,,,,
article,https://nxtsmarthome.com.au/hubs-and-platforms/smart-home-devices-without-internet/,smart-home-devices-without-internet,Do Smart Home Devices Still Work When the Internet Drops?,hubs-and-platforms,OK,,yes,881,217,,6,0,0,,,,
article,https://nxtsmarthome.com.au/hubs-and-platforms/thread-vs-matter-difference/,thread-vs-matter-difference,"Thread vs Matter: What Is the Difference, Simply Explained",hubs-and-platforms,OK,,yes,1453,268,,10,0,0,,,,
article,https://nxtsmarthome.com.au/entertainment-and-audio/smart-speakers-multiroom-audio-australia/,smart-speakers-multiroom-audio-australia,Smart Speakers and Multi-Room Audio: How to Choose in Australia,entertainment,OK,,yes,1044,234,,6,0,0,,,,
article,https://nxtsmarthome.com.au/buying-guides/smart-home-for-renters-australia/,smart-home-for-renters-australia,Smart Home for Renters: What You Can Install Without Drilling or Rewiring,buying-guides,OK,,yes,2162,457,,7,0,0,,,,merge survivor
article,https://nxtsmarthome.com.au/buying-guides/smart-home-starter-guide-beginners-australia/,smart-home-starter-guide-beginners-australia,Smart Home for Beginners: How to Start Without Wasting Money,buying-guides,OK,,yes,1077,178,,7,0,0,,,,
article,https://nxtsmarthome.com.au/robot-vacuums/robot-vacuum-buying-guide-australia/,robot-vacuum-buying-guide-australia,Robot Vacuum Buying Guide: What Actually Matters (and What Does Not),robot-vacuums,OK,,yes,2114,435,,9,0,0,,,,merge survivor
article,https://nxtsmarthome.com.au/climate-and-comfort/make-split-system-aircon-smart-australia/,make-split-system-aircon-smart-australia,How to Make Your Split System Air Conditioner Smart (Without Replacing It),climate,OK,,yes,2102,404,,12,0,0,,,,merge survivor
article,https://nxtsmarthome.com.au/energy-and-solar/smart-plugs-energy-monitoring-australia/,smart-plugs-energy-monitoring-australia,Do Smart Plugs Actually Save You Money on Australian Electricity?,energy,OK,,yes,1087,228,,5,0,0,,,,
article,https://nxtsmarthome.com.au/security-and-cameras/smart-home-privacy-cameras-australia-law/,smart-home-privacy-cameras-australia-law,Smart Home Cameras and Australian Privacy Law: What You Need to Know,security,OK,,yes,1192,219,,9,0,0,,,,
article,https://nxtsmarthome.com.au/security-and-cameras/video-doorbell-buying-guide-australia/,video-doorbell-buying-guide-australia,Video Doorbell Buying Guide: What Matters in an Australian Home,security,OK,,yes,1119,226,,7,0,0,,,,
article,https://nxtsmarthome.com.au/setup-guides/fix-smart-home-wifi-dropouts/,fix-smart-home-wifi-dropouts,How to Fix Smart Home Devices That Keep Dropping Off Wi-Fi,setup-guides,OK,,yes,1073,212,,8,0,0,,,,
article,https://nxtsmarthome.com.au/setup-guides/smart-home-electrical-work-australia-legal/,smart-home-electrical-work-australia-legal,What Smart Home Electrical Work Can You Legally Do Yourself in Australia?,setup-guides,OK,,yes,880,187,,6,0,0,,,,
article,https://nxtsmarthome.com.au/lighting/smart-bulbs-vs-smart-switches-australia/,smart-bulbs-vs-smart-switches-australia,Smart Bulbs vs Smart Switches: What Australian Homes Should Actually Buy,lighting,OK,,yes,997,219,,4,0,0,,,,
article,https://nxtsmarthome.com.au/hubs-and-platforms/zigbee-vs-zwave-vs-thread-vs-wifi/,zigbee-vs-zwave-vs-thread-vs-wifi,Zigbee vs Z-Wave vs Thread vs Wi-Fi: Which Smart Home Protocol Wins?,hubs-and-platforms,OK,,yes,964,213,,5,0,0,,,,
article,https://nxtsmarthome.com.au/hubs-and-platforms/best-smart-home-platform-australia/,best-smart-home-platform-australia,Which Smart Home Platform Should You Choose in Australia?,hubs-and-platforms,OK,,yes,1279,234,,8,0,0,,,,
article,https://nxtsmarthome.com.au/hubs-and-platforms/what-is-matter-smart-home-australia/,what-is-matter-smart-home-australia,What Is Matter? The Smart Home Standard Explained for Australians,hubs-and-platforms,OK,,yes,1183,233,,7,0,0,,,,
product,https://nxtsmarthome.com.au/products/ring-floodlight-cam-plus-wired/,ring-floodlight-cam-plus-wired,Ring Floodlight Cam Plus Wired,security-and-cameras,OK,,yes,,,1035,,,,,,,"9/30 reviews from sources not allowed; reviews block shown (21, with score); curated"
product,https://nxtsmarthome.com.au/products/ring-spotlight-cam-pro-battery/,ring-spotlight-cam-pro-battery,Ring Spotlight Cam Pro Battery,security-and-cameras,OK,,yes,,,1021,,,,,,,25/30 reviews from sources not allowed; reviews block shown (5); curated
product,https://nxtsmarthome.com.au/products/ring-stick-up-cam-battery/,ring-stick-up-cam-battery,Ring Stick Up Cam Battery,security-and-cameras,OK,,yes,,,1059,,,,,,,28/30 reviews from sources not allowed; curated
product,https://nxtsmarthome.com.au/products/ring-indoor-cam-2nd-gen/,ring-indoor-cam-2nd-gen,Ring Indoor Cam (2nd Gen),security-and-cameras,OK,,yes,,,1077,,,,,,,curated
product,https://nxtsmarthome.com.au/products/ring-video-doorbell-pro-2/,ring-video-doorbell-pro-2,Ring Video Doorbell Pro 2,security-and-cameras,OK,,yes,,,1119,,,,,,,"2/30 reviews from sources not allowed; reviews block shown (28, with score); curated"
product,https://nxtsmarthome.com.au/products/ring-battery-doorbell-plus/,ring-battery-doorbell-plus,Ring Battery Doorbell Plus,security-and-cameras,OK,,yes,,,1118,,,,,,,27/30 reviews from sources not allowed; curated
product,https://nxtsmarthome.com.au/products/ring-video-doorbell-2nd-gen/,ring-video-doorbell-2nd-gen,Ring Video Doorbell (2nd Gen),security-and-cameras,OK,,yes,,,999,,,,,,,25/30 reviews from sources not allowed; reviews block shown (5); curated
product,https://nxtsmarthome.com.au/products/ring-alarm-5-piece-security-kit-2nd-gen/,ring-alarm-5-piece-security-kit-2nd-gen,Ring Alarm 5-Piece Security Kit (2nd Gen),security-and-cameras,OK,,yes,,,634,,,,,,,curated
product,https://nxtsmarthome.com.au/products/eufy-eufycam-3-s380-4k-solar-security-camera/,eufy-eufycam-3-s380-4k-solar-security-camera,eufy eufyCam 3 (S380) 4K Solar Security Camera,security-and-cameras,OK,,yes,,,508,,,,,,,curated
product,https://nxtsmarthome.com.au/products/eufy-eufycam-2c-pro-2k-wireless-security-system/,eufy-eufycam-2c-pro-2k-wireless-security-system,eufy eufyCam 2C Pro 2K Wireless Security System,security-and-cameras,OK,,yes,,,1043,,,,,,,30/30 reviews from sources not allowed; curated
product,https://nxtsmarthome.com.au/products/eufy-security-indoor-cam-s350-dual-lens/,eufy-security-indoor-cam-s350-dual-lens,eufy Security Indoor Cam S350 Dual-Lens,security-and-cameras,OK,,yes,,,1125,,,,,,,"reviews block shown (30, with score); curated"
product,https://nxtsmarthome.com.au/products/eufy-video-doorbell-e340-dual-camera/,eufy-video-doorbell-e340-dual-camera,eufy Video Doorbell E340 Dual Camera,security-and-cameras,OK,,yes,,,1031,,,,,,,"1/30 reviews from sources not allowed; reviews block shown (29, with score); curated"
product,https://nxtsmarthome.com.au/products/eufy-security-solocam-s340-solar-pan-tilt/,eufy-security-solocam-s340-solar-pan-tilt,eufy Security SoloCam S340 Solar Pan & Tilt,security-and-cameras,OK,,yes,,,1136,,,,,,,30/30 reviews from sources not allowed; curated
product,https://nxtsmarthome.com.au/products/eufy-smart-lock-c220-with-wi-fi/,eufy-smart-lock-c220-with-wi-fi,eufy Smart Lock C220 with Wi-Fi,smart-door-locks,OK,,yes,,,667,,,,,,,"7/30 reviews from sources not allowed; reviews block shown (23, with score); curated"
product,https://nxtsmarthome.com.au/products/arlo-pro-5-2k-wireless-security-camera/,arlo-pro-5-2k-wireless-security-camera,Arlo Pro 5 2K Wireless Security Camera,security-and-cameras,OK,,yes,,,1096,,,,,,,30/30 reviews from sources not allowed; curated
product,https://nxtsmarthome.com.au/products/arlo-ultra-2-4k-spotlight-camera/,arlo-ultra-2-4k-spotlight-camera,Arlo Ultra 2 4K Spotlight Camera,security-and-cameras,OK,,yes,,,929,,,,,,,curated
product,https://nxtsmarthome.com.au/products/arlo-essential-wireless-video-doorbell-2k/,arlo-essential-wireless-video-doorbell-2k,Arlo Essential Wireless Video Doorbell 2K,security-and-cameras,OK,,yes,,,1101,,,,,,,"9/30 reviews from sources not allowed; reviews block shown (21, with score); curated"
product,https://nxtsmarthome.com.au/products/tp-link-tapo-c220-2k-pan-tilt-security-camera/,tp-link-tapo-c220-2k-pan-tilt-security-camera,TP-Link Tapo C220 2K Pan/Tilt Security Camera,security-and-cameras,OK,,yes,,,1026,,,,,,,30/30 reviews from sources not allowed; curated
product,https://nxtsmarthome.com.au/products/tp-link-tapo-c520ws-outdoor-pan-tilt-security-camera/,tp-link-tapo-c520ws-outdoor-pan-tilt-security-camera,TP-Link Tapo C520WS Outdoor Pan/Tilt Security Camera,security-and-cameras,THIN - EMPTY,"Keep noindex and out of listings, or write curated editorial",no,,,32,,,,,,,no pros/cons; 30/30 reviews from sources not allowed
product,https://nxtsmarthome.com.au/products/tp-link-tapo-d230s1-smart-video-doorbell/,tp-link-tapo-d230s1-smart-video-doorbell,TP-Link Tapo D230S1 Smart Video Doorbell,security-and-cameras,OK,,yes,,,1058,,,,,,,20/23 reviews from sources not allowed; curated
product,https://nxtsmarthome.com.au/products/reolink-argus-3-ultra-4k-solar-camera/,reolink-argus-3-ultra-4k-solar-camera,Reolink Argus 3 Ultra 4K Solar Camera,security-and-cameras,OK,,yes,,,1056,,,,,,,8/8 reviews from sources not allowed; curated
product,https://nxtsmarthome.com.au/products/reolink-video-doorbell-wifi-2k/,reolink-video-doorbell-wifi-2k,Reolink Video Doorbell WiFi 2K+,security-and-cameras,OK,,yes,,,1035,,,,,,,30/30 reviews from sources not allowed; curated
product,https://nxtsmarthome.com.au/products/google-nest-cam-outdoor-or-indoor-battery/,google-nest-cam-outdoor-or-indoor-battery,"Google Nest Cam (Outdoor or Indoor, Battery)",security-and-cameras,OK,,yes,,,1078,,,,,,,30/30 reviews from sources not allowed; curated
product,https://nxtsmarthome.com.au/products/google-nest-doorbell-battery/,google-nest-doorbell-battery,Google Nest Doorbell (Battery),security-and-cameras,OK,,yes,,,1119,,,,,,,30/30 reviews from sources not allowed; curated
product,https://nxtsmarthome.com.au/products/aqara-smart-lock-u100-apple-homekey/,aqara-smart-lock-u100-apple-homekey,Aqara Smart Lock U100 Apple HomeKey,smart-door-locks,OK,,yes,,,574,,,,,,,30/30 reviews from sources not allowed; curated
product,https://nxtsmarthome.com.au/products/aqara-doorbell-camera-g4-matter/,aqara-doorbell-camera-g4-matter,Aqara Doorbell Camera G4 Matter,security-and-cameras,OK,,yes,,,1237,,,,,,,30/30 reviews from sources not allowed; curated
product,https://nxtsmarthome.com.au/products/swann-max-4k-ultra-hd-security-system/,swann-max-4k-ultra-hd-security-system,Swann Max+ 4K Ultra HD Security System,security-and-cameras,OK,,yes,,,1110,,,,,,,"9/30 reviews from sources not allowed; reviews block shown (21, with score); curated"
product,https://nxtsmarthome.com.au/products/yale-assure-lock-sl-key-free-deadbolt/,yale-assure-lock-sl-key-free-deadbolt,Yale Assure Lock SL Key-Free Deadbolt,smart-door-locks,OK,,yes,,,1007,,,,,,,curated
product,https://nxtsmarthome.com.au/products/august-wi-fi-smart-lock-4th-gen/,august-wi-fi-smart-lock-4th-gen,August Wi-Fi Smart Lock (4th Gen),smart-door-locks,OK,,yes,,,966,,,,,,,30/30 reviews from sources not allowed; curated
product,https://nxtsmarthome.com.au/products/philips-hue-white-color-ambiance-starter-kit-e27/,philips-hue-white-color-ambiance-starter-kit-e27,Philips Hue White & Color Ambiance Starter Kit E27,lighting,OK,,yes,,,1026,,,,,,,4/6 reviews from sources not allowed; curated
product,https://nxtsmarthome.com.au/products/philips-hue-white-color-ambiance-b22-bulb/,philips-hue-white-color-ambiance-b22-bulb,Philips Hue White & Color Ambiance B22 Bulb,lighting,OK,,yes,,,1015,,,,,,,5/6 reviews from sources not allowed; curated
product,https://nxtsmarthome.com.au/products/philips-hue-lightstrip-plus-2m-base-v4/,philips-hue-lightstrip-plus-2m-base-v4,Philips Hue Lightstrip Plus 2m Base V4,lighting,OK,,yes,,,1019,,,,,,,19/30 reviews from sources not allowed; reviews block shown (11); curated
product,https://nxtsmarthome.com.au/products/philips-hue-play-light-bar-2-pack/,philips-hue-play-light-bar-2-pack,Philips Hue Play Light Bar (2-Pack),lighting,OK,,yes,,,678,,,,,,,curated
product,https://nxtsmarthome.com.au/products/philips-hue-smart-dimmer-switch-v2/,philips-hue-smart-dimmer-switch-v2,Philips Hue Smart Dimmer Switch V2,lighting,OK,,yes,,,1130,,,,,,,30/30 reviews from sources not allowed; curated
product,https://nxtsmarthome.com.au/products/philips-hue-outdoor-lily-spotlight-base-kit/,philips-hue-outdoor-lily-spotlight-base-kit,Philips Hue Outdoor Lily Spotlight Base Kit,lighting,OK,,yes,,,999,,,,,,,30/30 reviews from sources not allowed; curated
product,https://nxtsmarthome.com.au/products/lifx-clean-antibacterial-smart-bulb-e27/,lifx-clean-antibacterial-smart-bulb-e27,LIFX Clean Antibacterial Smart Bulb E27,lighting,OK,,yes,,,999,,,,,,,1/2 reviews from sources not allowed; curated
product,https://nxtsmarthome.com.au/products/lifx-color-smart-bulb-b22/,lifx-color-smart-bulb-b22,LIFX Color Smart Bulb B22,lighting,THIN - EMPTY,"Keep noindex and out of listings, or write curated editorial",no,,,31,,,,,,,no pros/cons
product,https://nxtsmarthome.com.au/products/lifx-z-led-lightstrip-starter-kit-2m/,lifx-z-led-lightstrip-starter-kit-2m,LIFX Z LED Lightstrip Starter Kit (2m),lighting,OK,,yes,,,1018,,,,,,,"2/30 reviews from sources not allowed; reviews block shown (28, with score); curated"
product,https://nxtsmarthome.com.au/products/tp-link-tapo-l530e-smart-wi-fi-light-bulb-e27/,tp-link-tapo-l530e-smart-wi-fi-light-bulb-e27,TP-Link Tapo L530E Smart Wi-Fi Light Bulb E27,lighting,OK,,yes,,,1062,,,,,,,30/30 reviews from sources not allowed; curated
product,https://nxtsmarthome.com.au/products/nanoleaf-shapes-hexagons-starter-kit-9-panels/,nanoleaf-shapes-hexagons-starter-kit-9-panels,Nanoleaf Shapes Hexagons Starter Kit (9 Panels),lighting,OK,,yes,,,1054,,,,,,,14/14 reviews from sources not allowed; curated
product,https://nxtsmarthome.com.au/products/nanoleaf-essentials-matter-led-lightstrip-2m/,nanoleaf-essentials-matter-led-lightstrip-2m,Nanoleaf Essentials Matter LED Lightstrip (2m),lighting,OK,,yes,,,1021,,,,,,,18/18 reviews from sources not allowed; curated
product,https://nxtsmarthome.com.au/products/nanoleaf-essentials-matter-smart-bulb-e27/,nanoleaf-essentials-matter-smart-bulb-e27,Nanoleaf Essentials Matter Smart Bulb E27,lighting,OK,,yes,,,1016,,,,,,,3/3 reviews from sources not allowed; curated
product,https://nxtsmarthome.com.au/products/wiz-smart-led-color-downlight-90mm/,wiz-smart-led-color-downlight-90mm,Wiz Smart LED Color Downlight 90mm,lighting,OK,,yes,,,981,,,,,,,2/16 reviews from sources not allowed; reviews block shown (14); curated
product,https://nxtsmarthome.com.au/products/aqara-smart-light-switch-h1-eu-no-neutral/,aqara-smart-light-switch-h1-eu-no-neutral,Aqara Smart Light Switch H1 EU (No Neutral),lighting,OK,,yes,,,648,,,,,,,21/21 reviews from sources not allowed; curated
product,https://nxtsmarthome.com.au/products/tp-link-tapo-p110-smart-plug-with-energy-monitoring/,tp-link-tapo-p110-smart-plug-with-energy-monitoring,TP-Link Tapo P110 Smart Plug with Energy Monitoring,energy-and-solar,OK,,yes,,,1023,,,,,,,19/30 reviews from sources not allowed; reviews block shown (11); curated
product,https://nxtsmarthome.com.au/products/tp-link-tapo-p300-smart-wi-fi-power-strip/,tp-link-tapo-p300-smart-wi-fi-power-strip,TP-Link Tapo P300 Smart Wi-Fi Power Strip,energy-and-solar,OK,,yes,,,1125,,,,,,,14/30 reviews from sources not allowed; reviews block shown (16); curated
product,https://nxtsmarthome.com.au/products/eve-energy-smart-plug-matter-over-thread/,eve-energy-smart-plug-matter-over-thread,Eve Energy Smart Plug (Matter over Thread),energy-and-solar,OK,,yes,,,1037,,,,,,,curated
product,https://nxtsmarthome.com.au/products/meross-smart-wi-fi-plug-mini-au-mss210/,meross-smart-wi-fi-plug-mini-au-mss210,Meross Smart Wi-Fi Plug Mini AU (MSS210),energy-and-solar,OK,,yes,,,618,,,,,,,curated
product,https://nxtsmarthome.com.au/products/fibaro-wall-plug-z-wave-plus-au-plug/,fibaro-wall-plug-z-wave-plus-au-plug,Fibaro Wall Plug Z-Wave Plus (AU Plug),energy-and-solar,OK,,yes,,,968,,,,,,,30/30 reviews from sources not allowed; curated
product,https://nxtsmarthome.com.au/products/switchbot-smart-plug-mini-au/,switchbot-smart-plug-mini-au,SwitchBot Smart Plug Mini AU,energy-and-solar,OK,,yes,,,648,,,,,,,3/21 reviews from sources not allowed; reviews block shown (18); curated
product,https://nxtsmarthome.com.au/products/netatmo-smart-weather-station/,netatmo-smart-weather-station,Netatmo Smart Weather Station,energy-and-solar,OK,,yes,,,1012,,,,,,,4/5 reviews from sources not allowed; curated
product,https://nxtsmarthome.com.au/products/shelly-pro-4pm-4-channel-din-rail-relay/,shelly-pro-4pm-4-channel-din-rail-relay,Shelly Pro 4PM 4-Channel DIN Rail Relay,energy-and-solar,OK,,yes,,,1077,,,,,,,16/30 reviews from sources not allowed; reviews block shown (14); curated
product,https://nxtsmarthome.com.au/products/ecoflow-delta-2-portable-power-station-1024wh/,ecoflow-delta-2-portable-power-station-1024wh,EcoFlow Delta 2 Portable Power Station 1024Wh,energy-and-solar,OK,,yes,,,992,,,,,,,30/30 reviews from sources not allowed; curated
product,https://nxtsmarthome.com.au/products/anker-solix-c1000-portable-power-station/,anker-solix-c1000-portable-power-station,Anker Solix C1000 Portable Power Station,energy-and-solar,OK,,yes,,,957,,,,,,,"1/30 reviews from sources not allowed; reviews block shown (29, with score); curated"
product,https://nxtsmarthome.com.au/products/apple-homepod-mini/,apple-homepod-mini,Apple HomePod mini,entertainment-and-audio,OK,,yes,,,995,,,,,,,29/30 reviews from sources not allowed; curated
product,https://nxtsmarthome.com.au/products/sonos-era-100-smart-speaker/,sonos-era-100-smart-speaker,Sonos Era 100 Smart Speaker,entertainment-and-audio,OK,,yes,,,1186,,,,,,,"reviews block shown (30, with score); curated"
product,https://nxtsmarthome.com.au/products/sonos-era-300-spatial-audio-speaker/,sonos-era-300-spatial-audio-speaker,Sonos Era 300 Spatial Audio Speaker,entertainment-and-audio,OK,,yes,,,1106,,,,,,,curated
product,https://nxtsmarthome.com.au/products/sonos-move-2-portable-smart-speaker/,sonos-move-2-portable-smart-speaker,Sonos Move 2 Portable Smart Speaker,entertainment-and-audio,OK,,yes,,,1079,,,,,,,"7/30 reviews from sources not allowed; reviews block shown (23, with score); curated"
product,https://nxtsmarthome.com.au/products/sonos-beam-gen-2-compact-smart-soundbar/,sonos-beam-gen-2-compact-smart-soundbar,Sonos Beam (Gen 2) Compact Smart Soundbar,entertainment-and-audio,OK,,yes,,,1103,,,,,,,6/6 reviews from sources not allowed; curated
product,https://nxtsmarthome.com.au/products/sonos-arc-premium-smart-soundbar/,sonos-arc-premium-smart-soundbar,Sonos Arc Premium Smart Soundbar,entertainment-and-audio,OK,,yes,,,680,,,,,,,curated
product,https://nxtsmarthome.com.au/products/sonos-sub-mini-wireless-subwoofer/,sonos-sub-mini-wireless-subwoofer,Sonos Sub Mini Wireless Subwoofer,entertainment-and-audio,OK,,yes,,,1097,,,,,,,11/30 reviews from sources not allowed; reviews block shown (19); curated
product,https://nxtsmarthome.com.au/products/google-nest-audio-smart-speaker/,google-nest-audio-smart-speaker,Google Nest Audio Smart Speaker,entertainment-and-audio,OK,,yes,,,1090,,,,,,,curated
product,https://nxtsmarthome.com.au/products/google-nest-hub-2nd-gen-smart-display/,google-nest-hub-2nd-gen-smart-display,Google Nest Hub (2nd Gen) Smart Display,entertainment-and-audio,OK,,yes,,,1147,,,,,,,20/30 reviews from sources not allowed; reviews block shown (10); curated
product,https://nxtsmarthome.com.au/products/amazon-echo-4th-gen-smart-speaker/,amazon-echo-4th-gen-smart-speaker,Amazon Echo (4th Gen) Smart Speaker,entertainment-and-audio,OK,,yes,,,1174,,,,,,,curated
product,https://nxtsmarthome.com.au/products/amazon-echo-show-10-3rd-gen-hd-display/,amazon-echo-show-10-3rd-gen-hd-display,Amazon Echo Show 10 (3rd Gen) HD Display,entertainment-and-audio,OK,,yes,,,1155,,,,,,,30/30 reviews from sources not allowed; curated
product,https://nxtsmarthome.com.au/products/bose-smart-soundbar-ultra/,bose-smart-soundbar-ultra,Bose Smart Soundbar Ultra,entertainment-and-audio,OK,,yes,,,1065,,,,,,,"reviews block shown (30, with score); curated"
product,https://nxtsmarthome.com.au/products/sensibo-sky-smart-air-conditioner-controller/,sensibo-sky-smart-air-conditioner-controller,Sensibo Sky Smart Air Conditioner Controller,climate-and-comfort,OK,,yes,,,658,,,,,,,17/17 reviews from sources not allowed; curated
product,https://nxtsmarthome.com.au/products/sensibo-air-pro-smart-ac-controller-with-air-quality/,sensibo-air-pro-smart-ac-controller-with-air-quality,Sensibo Air PRO Smart AC Controller with Air Quality,climate-and-comfort,OK,,yes,,,680,,,,,,,5/5 reviews from sources not allowed; curated
product,https://nxtsmarthome.com.au/products/sensibo-elements-indoor-air-quality-monitor/,sensibo-elements-indoor-air-quality-monitor,Sensibo Elements Indoor Air Quality Monitor,climate-and-comfort,OK,,yes,,,619,,,,,,,5/5 reviews from sources not allowed; curated
product,https://nxtsmarthome.com.au/products/ecobee-smart-thermostat-premium/,ecobee-smart-thermostat-premium,ecobee Smart Thermostat Premium,climate-and-comfort,OK,,yes,,,1095,,,,,,,13/30 reviews from sources not allowed; reviews block shown (17); curated
product,https://nxtsmarthome.com.au/products/ecobee-smartsensor-2-pack/,ecobee-smartsensor-2-pack,ecobee SmartSensor 2-Pack,climate-and-comfort,OK,,yes,,,1021,,,,,,,"reviews block shown (30, with score); curated"
product,https://nxtsmarthome.com.au/products/dyson-purifier-hot-cool-formaldehyde-hp09/,dyson-purifier-hot-cool-formaldehyde-hp09,Dyson Purifier Hot+Cool Formaldehyde (HP09),climate-and-comfort,OK,,yes,,,602,,,,,,,curated
product,https://nxtsmarthome.com.au/products/dyson-purifier-cool-autoreact-tp07/,dyson-purifier-cool-autoreact-tp07,Dyson Purifier Cool Autoreact (TP07),climate-and-comfort,OK,,yes,,,1165,,,,,,,22/30 reviews from sources not allowed; reviews block shown (8); curated
product,https://nxtsmarthome.com.au/products/tado-smart-ac-control-v3/,tado-smart-ac-control-v3,Tado Smart AC Control V3+,climate-and-comfort,OK,,yes,,,1095,,,,,,,25/30 reviews from sources not allowed; reviews block shown (5); curated
product,https://nxtsmarthome.com.au/products/netatmo-smart-thermostat/,netatmo-smart-thermostat,Netatmo Smart Thermostat,climate-and-comfort,OK,,yes,,,684,,,,,,,15/15 reviews from sources not allowed; curated
product,https://nxtsmarthome.com.au/products/airversa-smart-air-purifier-matter-over-thread/,airversa-smart-air-purifier-matter-over-thread,Airversa Smart Air Purifier (Matter over Thread),climate-and-comfort,OK,,yes,,,1056,,,,,,,curated
product,https://nxtsmarthome.com.au/products/switchbot-hub-2-matter-ir-ac-controller/,switchbot-hub-2-matter-ir-ac-controller,SwitchBot Hub 2 (Matter & IR AC Controller),climate-and-comfort,OK,,yes,,,957,,,,,,,15/15 reviews from sources not allowed; curated
product,https://nxtsmarthome.com.au/products/aqara-temperature-and-humidity-sensor-t1/,aqara-temperature-and-humidity-sensor-t1,Aqara Temperature and Humidity Sensor T1,climate-and-comfort,OK,,yes,,,1073,,,,,,,30/30 reviews from sources not allowed; curated
product,https://nxtsmarthome.com.au/products/aqara-hub-m3-matter-zigbee-coordinator/,aqara-hub-m3-matter-zigbee-coordinator,Aqara Hub M3 Matter & Zigbee Coordinator,hubs-and-platforms,OK,,yes,,,654,,,,,,,9/9 reviews from sources not allowed; curated
product,https://nxtsmarthome.com.au/products/philips-hue-bridge-v2/,philips-hue-bridge-v2,Philips Hue Bridge (V2),hubs-and-platforms,OK,,yes,,,1011,,,,,,,30/30 reviews from sources not allowed; curated
product,https://nxtsmarthome.com.au/products/homey-pro-2023-smart-home-hub/,homey-pro-2023-smart-home-hub,Homey Pro (2023) Smart Home Hub,hubs-and-platforms,OK,,yes,,,1036,,,,,,,3/3 reviews from sources not allowed; curated
product,https://nxtsmarthome.com.au/products/samsung-smartthings-station-with-15w-wireless-charger/,samsung-smartthings-station-with-15w-wireless-charger,Samsung SmartThings Station with 15W Wireless Charger,hubs-and-platforms,OK,,yes,,,687,,,,,,,30/30 reviews from sources not allowed; curated
product,https://nxtsmarthome.com.au/products/aeotec-smart-home-hub-smartthings/,aeotec-smart-home-hub-smartthings,Aeotec Smart Home Hub (SmartThings),hubs-and-platforms,OK,,yes,,,1097,,,,,,,30/30 reviews from sources not allowed; curated
product,https://nxtsmarthome.com.au/products/amazon-echo-hub-8-smart-home-control-panel/,amazon-echo-hub-8-smart-home-control-panel,"Amazon Echo Hub 8"" Smart Home Control Panel",hubs-and-platforms,OK,,yes,,,1062,,,,,,,3/4 reviews from sources not allowed; curated
product,https://nxtsmarthome.com.au/products/roborock-s8-maxv-ultra-robot-vacuum-and-mop/,roborock-s8-maxv-ultra-robot-vacuum-and-mop,Roborock S8 MaxV Ultra Robot Vacuum and Mop,robot-vacuums,OK,,yes,,,1065,,,,,,,curated
product,https://nxtsmarthome.com.au/products/roborock-qrevo-master-robot-vacuum/,roborock-qrevo-master-robot-vacuum,Roborock Qrevo Master Robot Vacuum,robot-vacuums,OK,,yes,,,616,,,,,,,21/21 reviews from sources not allowed; curated
product,https://nxtsmarthome.com.au/products/dreame-l20-ultra-robot-vacuum-with-mopextend/,dreame-l20-ultra-robot-vacuum-with-mopextend,Dreame L20 Ultra Robot Vacuum with MopExtend,robot-vacuums,OK,,yes,,,1014,,,,,,,1/16 reviews from sources not allowed; reviews block shown (15); curated
product,https://nxtsmarthome.com.au/products/dreame-l10s-ultra-robot-vacuum-and-mop/,dreame-l10s-ultra-robot-vacuum-and-mop,Dreame L10s Ultra Robot Vacuum and Mop,robot-vacuums,OK,,yes,,,1207,,,,,,,12/30 reviews from sources not allowed; reviews block shown (18); curated
product,https://nxtsmarthome.com.au/products/dreame-x40-ultra-flagship-robot-vacuum/,dreame-x40-ultra-flagship-robot-vacuum,Dreame X40 Ultra Flagship Robot Vacuum,robot-vacuums,OK,,yes,,,1069,,,,,,,"1/30 reviews from sources not allowed; reviews block shown (29, with score); curated"
product,https://nxtsmarthome.com.au/products/ecovacs-deebot-x2-omni-square-robot-vacuum/,ecovacs-deebot-x2-omni-square-robot-vacuum,Ecovacs Deebot X2 Omni Square Robot Vacuum,robot-vacuums,OK,,yes,,,1170,,,,,,,"7/30 reviews from sources not allowed; reviews block shown (23, with score); curated"
product,https://nxtsmarthome.com.au/products/ecovacs-deebot-t30-pro-omni-robot-vacuum/,ecovacs-deebot-t30-pro-omni-robot-vacuum,Ecovacs Deebot T30 Pro Omni Robot Vacuum,robot-vacuums,OK,,yes,,,1141,,,,,,,"3/30 reviews from sources not allowed; reviews block shown (27, with score); curated"
product,https://nxtsmarthome.com.au/products/irobot-roomba-combo-j9-robot-vacuum-mop/,irobot-roomba-combo-j9-robot-vacuum-mop,iRobot Roomba Combo j9+ Robot Vacuum & Mop,robot-vacuums,OK,,yes,,,1034,,,,,,,"6/30 reviews from sources not allowed; reviews block shown (24, with score); curated"
product,https://nxtsmarthome.com.au/products/irobot-roomba-combo-i5-robot-vacuum/,irobot-roomba-combo-i5-robot-vacuum,iRobot Roomba Combo i5+ Robot Vacuum,robot-vacuums,OK,,yes,,,1070,,,,,,,30/30 reviews from sources not allowed; curated
product,https://nxtsmarthome.com.au/products/eufy-clean-x10-pro-omni-robot-vacuum/,eufy-clean-x10-pro-omni-robot-vacuum,eufy Clean X10 Pro Omni Robot Vacuum,robot-vacuums,OK,,yes,,,1175,,,,,,,28/30 reviews from sources not allowed; curated
product,https://nxtsmarthome.com.au/products/narwal-freo-x-ultra-robot-vacuum-mop/,narwal-freo-x-ultra-robot-vacuum-mop,Narwal Freo X Ultra Robot Vacuum & Mop,robot-vacuums,OK,,yes,,,1116,,,,,,,11/30 reviews from sources not allowed; reviews block shown (19); curated
product,https://nxtsmarthome.com.au/products/xiaomi-robot-vacuum-x20-self-cleaning/,xiaomi-robot-vacuum-x20-self-cleaning,Xiaomi Robot Vacuum X20+ Self-Cleaning,robot-vacuums,OK,,yes,,,1096,,,,,,,30/30 reviews from sources not allowed; curated
product,https://nxtsmarthome.com.au/products/wiz-smart-colour-bulb-a60-b22/,wiz-smart-colour-bulb-a60-b22,WiZ Smart Colour Bulb A60 B22,lighting,OK,,yes,,,1101,,,,,,,curated
product,https://nxtsmarthome.com.au/products/philips-hue-discover-outdoor-floodlight/,philips-hue-discover-outdoor-floodlight,Philips Hue Discover Outdoor Floodlight,lighting,OK,,yes,,,1079,,,,,,,curated
product,https://nxtsmarthome.com.au/products/wiz-colour-smart-downlight/,wiz-colour-smart-downlight,Wiz Colour Smart Downlight,lighting,OK,,yes,,,951,,,,,,,curated
product,https://nxtsmarthome.com.au/products/nanoleaf-essentials-smart-bulb-e27-2-pack/,nanoleaf-essentials-smart-bulb-e27-2-pack,Nanoleaf Essentials Smart Bulb E27 2 Pack,lighting,OK,,yes,,,1036,,,,,,,curated
product,https://nxtsmarthome.com.au/products/govee-outdoor-spot-light-2-pack/,govee-outdoor-spot-light-2-pack,Govee Outdoor Spot Light 2-Pack,lighting,OK,,yes,,,1076,,,,,,,curated
product,https://nxtsmarthome.com.au/products/philips-hue-akari-downlight/,philips-hue-akari-downlight,Philips Hue Akari Downlight,lighting,OK,,yes,,,1070,,,,,,,curated
product,https://nxtsmarthome.com.au/products/govee-smart-light-bulb-b22/,govee-smart-light-bulb-b22,Govee Smart Light Bulb B22,lighting,OK,,yes,,,1116,,,,,,,curated
product,https://nxtsmarthome.com.au/products/mirabella-genio-9w-led-wi-fi-dimmable-downlight/,mirabella-genio-9w-led-wi-fi-dimmable-downlight,Mirabella Genio 9W LED Wi-Fi Dimmable Downlight,lighting,OK,,yes,,,1004,,,,,,,curated
product,https://nxtsmarthome.com.au/products/tapo-l530b-tp-link-smart-wi-fi-light-bulb/,tapo-l530b-tp-link-smart-wi-fi-light-bulb,Tapo L530B TP-Link Smart Wi-Fi Light Bulb,lighting,OK,,yes,,,1081,,,,,,,curated
product,https://nxtsmarthome.com.au/products/kogan-smarterhome-smart-touch-single-light-switch/,kogan-smarterhome-smart-touch-single-light-switch,Kogan SmarterHome Smart Touch Single Light Switch,lighting,OK,,yes,,,976,,,,,,,curated
product,https://nxtsmarthome.com.au/products/govee-smart-colour-downlight/,govee-smart-colour-downlight,Govee Smart Colour Downlight,lighting,OK,,yes,,,981,,,,,,,curated
product,https://nxtsmarthome.com.au/products/connect-smart-rgb-led-light-bulb-b22/,connect-smart-rgb-led-light-bulb-b22,Connect Smart RGB LED Light Bulb B22,lighting,OK,,yes,,,956,,,,,,,curated
product,https://nxtsmarthome.com.au/products/eufy-e22-permanent-outdoor-lights-15m/,eufy-e22-permanent-outdoor-lights-15m,Eufy E22 Permanent Outdoor Lights 15m,lighting,OK,,yes,,,995,,,,,,,curated
product,https://nxtsmarthome.com.au/products/govee-wi-fi-bluetooth-smart-light-bulb-e27/,govee-wi-fi-bluetooth-smart-light-bulb-e27,Govee Wi-Fi & Bluetooth Smart Light Bulb E27,lighting,OK,,yes,,,1100,,,,,,,curated
product,https://nxtsmarthome.com.au/products/tp-link-tapo-smart-wi-fi-light-strip/,tp-link-tapo-smart-wi-fi-light-strip,TP-Link Tapo Smart Wi-Fi Light Strip,lighting,OK,,yes,,,947,,,,,,,curated
product,https://nxtsmarthome.com.au/products/philips-hue-lily-xl-outdoor-led-spot-light/,philips-hue-lily-xl-outdoor-led-spot-light,Philips Hue Lily XL Outdoor LED Spot Light,lighting,OK,,yes,,,1069,,,,,,,curated
product,https://nxtsmarthome.com.au/products/tapo-p110-smart-energy-monitoring/,tapo-p110-smart-energy-monitoring,Tapo P110 Smart Energy Monitoring,energy-and-solar,OK,,yes,,,935,,,,,,,curated
product,https://nxtsmarthome.com.au/products/tuya-zigbee-smart-circuit-breaker/,tuya-zigbee-smart-circuit-breaker,TUYA ZigBee Smart Circuit Breaker,energy-and-solar,OK,,yes,,,625,,,,,,,curated
product,https://nxtsmarthome.com.au/products/tp-link-tapo-smart-wi-fi-power-strip/,tp-link-tapo-smart-wi-fi-power-strip,TP-Link Tapo Smart Wi-Fi Power Strip,energy-and-solar,OK,,yes,,,1056,,,,,,,curated
product,https://nxtsmarthome.com.au/products/powersensor-energy-and-solar-monitoring-solution/,powersensor-energy-and-solar-monitoring-solution,Powersensor Energy and Solar Monitoring Solution,energy-and-solar,OK,,yes,,,892,,,,,,,curated
product,https://nxtsmarthome.com.au/products/tp-link-tapo-p110m-mini-smart-wi-fi-plug/,tp-link-tapo-p110m-mini-smart-wi-fi-plug,TP-Link Tapo P110M Mini Smart Wi-Fi Plug,energy-and-solar,OK,,yes,,,1045,,,,,,,curated
product,https://nxtsmarthome.com.au/products/smart-power-strip-with-6-outlets/,smart-power-strip-with-6-outlets,Smart Power Strip with 6 Outlets,energy-and-solar,THIN - EMPTY,"Keep noindex and out of listings, or write curated editorial",no,,,23,,,,,,,no bestFor; no pros/cons
product,https://nxtsmarthome.com.au/products/wiz-smart-plug/,wiz-smart-plug,WiZ Smart Plug,energy-and-solar,OK,,yes,,,997,,,,,,,curated
product,https://nxtsmarthome.com.au/products/bluetti-ac180p-portable-power-station/,bluetti-ac180p-portable-power-station,BLUETTI AC180P Portable Power Station,energy-and-solar,OK,,yes,,,1088,,,,,,,curated
product,https://nxtsmarthome.com.au/products/philips-hue-smart-plug/,philips-hue-smart-plug,Philips Hue Smart Plug,energy-and-solar,OK,,yes,,,1003,,,,,,,curated
product,https://nxtsmarthome.com.au/products/tuya-smart-circuit-breaker/,tuya-smart-circuit-breaker,Tuya Smart Circuit Breaker,energy-and-solar,OK,,yes,,,639,,,,,,,curated
product,https://nxtsmarthome.com.au/products/powerboard-10in1-surge-protection-smart-usb-c-power-board/,powerboard-10in1-surge-protection-smart-usb-c-power-board,Powerboard 10in1 Surge Protection Smart USB C Power Board,energy-and-solar,OK,,yes,,,652,,,,,,,curated
product,https://nxtsmarthome.com.au/products/tp-link-tapo-p100-mini-smart-wi-fi-socket-plug/,tp-link-tapo-p100-mini-smart-wi-fi-socket-plug,TP-Link Tapo P100 Mini Smart Wi-Fi Socket Plug,energy-and-solar,OK,,yes,,,1101,,,,,,,curated
product,https://nxtsmarthome.com.au/products/smart-mirabella-genio-wi-fi-powerboard/,smart-mirabella-genio-wi-fi-powerboard,Smart Mirabella Genio Wi-Fi Powerboard,energy-and-solar,OK,,yes,,,645,,,,,,,curated
product,https://nxtsmarthome.com.au/products/iammeter-wem3050t-wifi-energy-meter/,iammeter-wem3050t-wifi-energy-meter,IAMMETER WEM3050T WiFi Energy Meter,energy-and-solar,OK,,yes,,,653,,,,,,,curated
product,https://nxtsmarthome.com.au/products/voltx-e600-portable-power-station/,voltx-e600-portable-power-station,VoltX E600 Portable Power Station,energy-and-solar,OK,,yes,,,1193,,,,,,,curated
product,https://nxtsmarthome.com.au/products/avantree-harmony-2-multi-room-wireless-speaker-system/,avantree-harmony-2-multi-room-wireless-speaker-system,Avantree Harmony 2 Multi-Room Wireless Speaker System,entertainment-and-audio,OK,,yes,,,628,,,,,,,curated
product,https://nxtsmarthome.com.au/products/hisense-hs2100-2-1ch-soundbar/,hisense-hs2100-2-1ch-soundbar,Hisense HS2100 2.1CH Soundbar,entertainment-and-audio,OK,,yes,,,1049,,,,,,,curated
product,https://nxtsmarthome.com.au/products/amazon-echo-dot-5th-gen-smart-speaker/,amazon-echo-dot-5th-gen-smart-speaker,Amazon Echo Dot 5th Gen Smart Speaker,entertainment-and-audio,OK,,yes,,,1066,,,,,,,curated
product,https://nxtsmarthome.com.au/products/samsung-music-studio-5-speaker/,samsung-music-studio-5-speaker,Samsung Music Studio 5 Speaker,entertainment-and-audio,OK,,yes,,,1037,,,,,,,curated
product,https://nxtsmarthome.com.au/products/nvidia-shield-tv-pro-4k-hdr-streaming-media-player/,nvidia-shield-tv-pro-4k-hdr-streaming-media-player,NVIDIA Shield TV Pro 4K HDR Streaming Media Player,entertainment-and-audio,OK,,yes,,,1107,,,,,,,curated
product,https://nxtsmarthome.com.au/products/sony-hts100f-soundbar/,sony-hts100f-soundbar,Sony HTS100F Soundbar,entertainment-and-audio,OK,,yes,,,1067,,,,,,,curated
product,https://nxtsmarthome.com.au/products/amazon-echo-dot-max-speaker/,amazon-echo-dot-max-speaker,Amazon Echo Dot Max Speaker,entertainment-and-audio,OK,,yes,,,973,,,,,,,curated
product,https://nxtsmarthome.com.au/products/laser-digital-full-hd-media-player/,laser-digital-full-hd-media-player,Laser Digital Full HD Media Player,entertainment-and-audio,OK,,yes,,,1049,,,,,,,curated
product,https://nxtsmarthome.com.au/products/anko-pro-home-soundbar/,anko-pro-home-soundbar,Anko Pro Home Soundbar,entertainment-and-audio,OK,,yes,,,1000,,,,,,,curated
product,https://nxtsmarthome.com.au/products/samsung-music-studio-7-wifi-bluetooth-wireless-speaker/,samsung-music-studio-7-wifi-bluetooth-wireless-speaker,Samsung Music Studio 7 WiFi-Bluetooth Wireless Speaker,entertainment-and-audio,OK,,yes,,,1027,,,,,,,curated
product,https://nxtsmarthome.com.au/products/amazon-echo-show-15-2nd-gen/,amazon-echo-show-15-2nd-gen,Amazon Echo Show 15 2nd Gen,entertainment-and-audio,OK,,yes,,,987,,,,,,,curated
product,https://nxtsmarthome.com.au/products/blaupunkt-bptv10-android-tv-streaming-device/,blaupunkt-bptv10-android-tv-streaming-device,Blaupunkt BPTV10 Android TV Streaming Device,entertainment-and-audio,OK,,yes,,,1031,,,,,,,curated
product,https://nxtsmarthome.com.au/products/jbl-cinema-sb510-3-1-channel-soundbar/,jbl-cinema-sb510-3-1-channel-soundbar,JBL Cinema SB510 3.1 Channel Soundbar,entertainment-and-audio,OK,,yes,,,1082,,,,,,,curated
product,https://nxtsmarthome.com.au/products/jbl-authentics-200-smart-home-speaker/,jbl-authentics-200-smart-home-speaker,JBL Authentics 200 Smart Home Speaker,entertainment-and-audio,OK,,yes,,,1008,,,,,,,curated
product,https://nxtsmarthome.com.au/products/eufy-e10-smart-display/,eufy-e10-smart-display,Eufy E10 Smart Display,entertainment-and-audio,OK,,yes,,,1199,,,,,,,curated
product,https://nxtsmarthome.com.au/products/bose-lifestyle-ultra-speaker/,bose-lifestyle-ultra-speaker,Bose Lifestyle Ultra Speaker,entertainment-and-audio,OK,,yes,,,1118,,,,,,,curated
product,https://nxtsmarthome.com.au/products/sonos-ray-soundbar/,sonos-ray-soundbar,Sonos Ray Soundbar,entertainment-and-audio,OK,,yes,,,1085,,,,,,,curated
product,https://nxtsmarthome.com.au/products/google-premium-audio-speaker/,google-premium-audio-speaker,Google Premium Audio Speaker,entertainment-and-audio,OK,,yes,,,638,,,,,,,curated
product,https://nxtsmarthome.com.au/products/lg-stanbyme-2-27-portable-smart-touch-screen-tv/,lg-stanbyme-2-27-portable-smart-touch-screen-tv,"LG StanbyME 2 27"" Portable Smart Touch Screen TV",entertainment-and-audio,OK,,yes,,,1148,,,,,,,curated
product,https://nxtsmarthome.com.au/products/sonos-era-100-sl/,sonos-era-100-sl,Sonos Era 100 SL,entertainment-and-audio,OK,,yes,,,1004,,,,,,,curated
product,https://nxtsmarthome.com.au/products/tuya-smart-wifi-ir-air-conditioner-controller-thermostat/,tuya-smart-wifi-ir-air-conditioner-controller-thermostat,Tuya Smart Wifi IR Air Conditioner Controller Thermostat,climate-and-comfort,OK,,yes,,,655,,,,,,,curated
product,https://nxtsmarthome.com.au/products/levoit-core-300s-smart-air-purifier/,levoit-core-300s-smart-air-purifier,Levoit Core 300S Smart Air Purifier,climate-and-comfort,OK,,yes,,,1006,,,,,,,curated
product,https://nxtsmarthome.com.au/products/sensibo-air-smart-air-conditioner-controller/,sensibo-air-smart-air-conditioner-controller,Sensibo Air Smart Air Conditioner Controller,climate-and-comfort,OK,,yes,,,1018,,,,,,,curated
product,https://nxtsmarthome.com.au/products/breville-smart-air-viral-protect-night-glow-purifier/,breville-smart-air-viral-protect-night-glow-purifier,Breville Smart Air Viral Protect Night Glow Purifier,climate-and-comfort,OK,,yes,,,1103,,,,,,,curated
product,https://nxtsmarthome.com.au/products/bing-lee-smart-air-conditioner-wifi-controller/,bing-lee-smart-air-conditioner-wifi-controller,Bing Lee Smart Air Conditioner WiFi Controller,climate-and-comfort,OK,,yes,,,1108,,,,,,,curated
product,https://nxtsmarthome.com.au/products/tuya-wifi-temperature-humidity-sensor-indoor-hygrometer-thermometer-detector-sma/,tuya-wifi-temperature-humidity-sensor-indoor-hygrometer-thermometer-detector-sma,Tuya Wifi Temperature Humidity Sensor Indoor Hygrometer Thermometer Detector Smart Life,climate-and-comfort,OK,,yes,,,687,,,,,,,curated
product,https://nxtsmarthome.com.au/products/philips-pureprotect-mini-900-series-smart-air-purifier/,philips-pureprotect-mini-900-series-smart-air-purifier,Philips PureProtect Mini 900 Series Smart Air Purifier,climate-and-comfort,OK,,yes,,,1086,,,,,,,curated
product,https://nxtsmarthome.com.au/products/tp-link-tapo-smart-temperature-humidity-monitor/,tp-link-tapo-smart-temperature-humidity-monitor,TP-Link Tapo Smart Temperature & Humidity Monitor,climate-and-comfort,OK,,yes,,,1146,,,,,,,curated
product,https://nxtsmarthome.com.au/products/google-nest-learning-thermostat-e-3rd-generation/,google-nest-learning-thermostat-e-3rd-generation,Google Nest Learning Thermostat E 3rd Generation,climate-and-comfort,OK,,yes,,,639,,,,,,,curated
product,https://nxtsmarthome.com.au/products/levoit-core-400s-air-purifier/,levoit-core-400s-air-purifier,Levoit Core 400S Air Purifier,climate-and-comfort,OK,,yes,,,1085,,,,,,,curated
product,https://nxtsmarthome.com.au/products/google-nest-smart-thermostat/,google-nest-smart-thermostat,Google Nest Smart Thermostat,climate-and-comfort,OK,,yes,,,1104,,,,,,,curated
product,https://nxtsmarthome.com.au/products/aircon-off-universal-air-conditioner-smart-remote/,aircon-off-universal-air-conditioner-smart-remote,Aircon Off Universal Air Conditioner Smart Remote,climate-and-comfort,OK,,yes,,,934,,,,,,,curated
product,https://nxtsmarthome.com.au/products/breville-easy-air-connect-purifier/,breville-easy-air-connect-purifier,Breville Easy Air Connect Purifier,climate-and-comfort,OK,,yes,,,1094,,,,,,,curated
product,https://nxtsmarthome.com.au/products/smart-thermostat-temperature-controller/,smart-thermostat-temperature-controller,Smart Thermostat Temperature Controller,climate-and-comfort,THIN - EMPTY,"Keep noindex and out of listings, or write curated editorial",no,,,22,,,,,,,no bestFor; no pros/cons
product,https://nxtsmarthome.com.au/products/levoit-core-600s-smart-air-purifier/,levoit-core-600s-smart-air-purifier,Levoit Core 600S Smart Air Purifier,climate-and-comfort,OK,,yes,,,1125,,,,,,,curated
product,https://nxtsmarthome.com.au/products/shark-neverchange5-air-purifier/,shark-neverchange5-air-purifier,Shark NeverChange5 Air Purifier,climate-and-comfort,OK,,yes,,,940,,,,,,,curated
product,https://nxtsmarthome.com.au/products/bosch-ii-smart-thermostat/,bosch-ii-smart-thermostat,Bosch Ii Smart Thermostat,climate-and-comfort,OK,,yes,,,1067,,,,,,,curated
product,https://nxtsmarthome.com.au/products/xiaomi-smart-air-purifier-6/,xiaomi-smart-air-purifier-6,Xiaomi Smart Air Purifier 6,climate-and-comfort,OK,,yes,,,658,,,,,,,curated
product,https://nxtsmarthome.com.au/products/homey-bridge-the-ultimate-home-automation-hub/,homey-bridge-the-ultimate-home-automation-hub,Homey Bridge The ultimate home automation hub,hubs-and-platforms,OK,,yes,,,1068,,,,,,,curated
product,https://nxtsmarthome.com.au/products/zemismart-matter-zigbee-thread-smart-home-hub/,zemismart-matter-zigbee-thread-smart-home-hub,Zemismart Matter Zigbee Thread Smart Home Hub,hubs-and-platforms,OK,,yes,,,639,,,,,,,curated
product,https://nxtsmarthome.com.au/products/sonoff-zigbee-3-0-usb-dongle/,sonoff-zigbee-3-0-usb-dongle,SONOFF Zigbee 3.0 USB Dongle,hubs-and-platforms,OK,,yes,,,1144,,,,,,,curated
product,https://nxtsmarthome.com.au/products/wifi-rf-bridge-smart-home-automation-module/,wifi-rf-bridge-smart-home-automation-module,WiFi+RF Bridge Smart Home Automation Module,hubs-and-platforms,OK,,yes,,,654,,,,,,,curated
product,https://nxtsmarthome.com.au/products/3-5-inch-smart-home-control-panel/,3-5-inch-smart-home-control-panel,3.5 Inch Smart Home Control Panel,hubs-and-platforms,OK,,yes,,,669,,,,,,,curated
product,https://nxtsmarthome.com.au/products/tuya-smart-home-bridge/,tuya-smart-home-bridge,Tuya Smart Home Bridge,hubs-and-platforms,THIN - EMPTY,"Keep noindex and out of listings, or write curated editorial",no,,,28,,,,,,,no bestFor; no pros/cons
product,https://nxtsmarthome.com.au/products/go-smart-bridge-home-automation-hub/,go-smart-bridge-home-automation-hub,Go Smart Bridge Home Automation Hub,hubs-and-platforms,OK,,yes,,,624,,,,,,,curated
product,https://nxtsmarthome.com.au/products/tuya-zigbee-matter-thread-gateway-smart-home-bridge-matter-hub/,tuya-zigbee-matter-thread-gateway-smart-home-bridge-matter-hub,Tuya Zigbee Matter Thread Gateway Smart Home Bridge Matter Hub,hubs-and-platforms,OK,,yes,,,658,,,,,,,curated
product,https://nxtsmarthome.com.au/products/rf-bridge/,rf-bridge,RF Bridge,hubs-and-platforms,THIN - EMPTY,"Keep noindex and out of listings, or write curated editorial",no,,,30,,,,,,,no bestFor; no pros/cons
product,https://nxtsmarthome.com.au/products/atlantic-cozytouch-v2-bridge-box-home-automation-connection-for-cozytouch-applic/,atlantic-cozytouch-v2-bridge-box-home-automation-connection-for-cozytouch-applic,Atlantic cozytouch V2 Bridge box home automation connection for cozytouch application,hubs-and-platforms,OK,,yes,,,667,,,,,,,curated
product,https://nxtsmarthome.com.au/products/dyson-spot-scrub-ai-robot-vacuum/,dyson-spot-scrub-ai-robot-vacuum,Dyson Spot+Scrub Ai Robot Vacuum,robot-vacuums,OK,,yes,,,606,,,,,,,curated
product,https://nxtsmarthome.com.au/products/dreame-l40-plus-robot-vacuum-and-mop/,dreame-l40-plus-robot-vacuum-and-mop,Dreame L40 Plus Robot Vacuum and Mop,robot-vacuums,OK,,yes,,,549,,,,,,,curated
product,https://nxtsmarthome.com.au/products/electrolux-ultimatehome-700-robotic-vacuum-mop/,electrolux-ultimatehome-700-robotic-vacuum-mop,Electrolux UltimateHome 700 Robotic Vacuum & Mop,robot-vacuums,OK,,yes,,,538,,,,,,,curated
product,https://nxtsmarthome.com.au/products/dreame-l50-ultra-robot-vacuum-cleaner/,dreame-l50-ultra-robot-vacuum-cleaner,Dreame L50 Ultra Robot Vacuum Cleaner,robot-vacuums,OK,,yes,,,588,,,,,,,curated
product,https://nxtsmarthome.com.au/products/irobot-roomba-max-705-combo-x185000/,irobot-roomba-max-705-combo-x185000,iRobot Roomba Max 705 Combo X185000,robot-vacuums,OK,,yes,,,563,,,,,,,curated
product,https://nxtsmarthome.com.au/products/devanti-robot-vacuum-and-mop-self-empty-app-control-6000pa-lds-laser-3in1/,devanti-robot-vacuum-and-mop-self-empty-app-control-6000pa-lds-laser-3in1,DEVANTI Robot Vacuum and Mop Self-Empty APP Control 6000Pa LDS Laser 3in1,robot-vacuums,OK,,yes,,,557,,,,,,,curated
product,https://nxtsmarthome.com.au/products/dreame-aqua10-ultra-roller-robot-vacuum-cleaner/,dreame-aqua10-ultra-roller-robot-vacuum-cleaner,Dreame Aqua10 Ultra Roller Robot Vacuum Cleaner,robot-vacuums,OK,,yes,,,597,,,,,,,curated
product,https://nxtsmarthome.com.au/products/eufy-clean-robovac-vacuum-l60-ses-t2278t11/,eufy-clean-robovac-vacuum-l60-ses-t2278t11,Eufy Clean Robovac Vacuum L60 SES t2278t11,robot-vacuums,OK,,yes,,,587,,,,,,,curated
product,https://nxtsmarthome.com.au/products/ecovacs-deebot-x8-pro-omni-robotic-vacuum-cleaner/,ecovacs-deebot-x8-pro-omni-robotic-vacuum-cleaner,Ecovacs Deebot X8 Pro Omni Robotic Vacuum Cleaner,robot-vacuums,OK,,yes,,,610,,,,,,,curated
product,https://nxtsmarthome.com.au/products/roborock-qrevo-l-pro-robot-vacuum-and-mop/,roborock-qrevo-l-pro-robot-vacuum-and-mop,Roborock Qrevo L Pro Robot Vacuum and Mop,robot-vacuums,OK,,yes,,,536,,,,,,,curated
product,https://nxtsmarthome.com.au/products/irobot-roomba-e5-robot-vacuum/,irobot-roomba-e5-robot-vacuum,iRobot Roomba E5 Robot Vacuum,robot-vacuums,OK,,yes,,,617,,,,,,,curated
product,https://nxtsmarthome.com.au/products/dreame-matrix10-ultra-robot-vacuum-cleaner/,dreame-matrix10-ultra-robot-vacuum-cleaner,Dreame Matrix10 Ultra Robot Vacuum Cleaner,robot-vacuums,OK,,yes,,,544,,,,,,,curated
product,https://nxtsmarthome.com.au/products/roborock-qrevo-edge-c-vacuum-cleaner/,roborock-qrevo-edge-c-vacuum-cleaner,Roborock Qrevo Edge C Vacuum Cleaner,robot-vacuums,OK,,yes,,,569,,,,,,,curated
product,https://nxtsmarthome.com.au/products/dreame-x60-ultra-robot-vacuum-cleaner/,dreame-x60-ultra-robot-vacuum-cleaner,Dreame X60 Ultra Robot Vacuum Cleaner,robot-vacuums,OK,,yes,,,548,,,,,,,curated
product,https://nxtsmarthome.com.au/products/ecovacs-deebot-t80s-omni-robot-vacuum-mop/,ecovacs-deebot-t80s-omni-robot-vacuum-mop,Ecovacs Deebot T80S Omni Robot Vacuum & Mop,robot-vacuums,OK,,yes,,,598,,,,,,,curated
product,https://nxtsmarthome.com.au/products/tp-link-tapo-2k-3mp-solar-powered-security-camera-kit/,tp-link-tapo-2k-3mp-solar-powered-security-camera-kit,TP Link Tapo 2K 3MP Solar-Powered Security Camera Kit,security-and-cameras,OK,,yes,,,557,,,,,,,curated
product,https://nxtsmarthome.com.au/products/tp-link-tapo-c500-outdoor-pan-tilt-security-wifi-camera/,tp-link-tapo-c500-outdoor-pan-tilt-security-wifi-camera,TP-Link Tapo C500 Outdoor Pan/Tilt Security WiFi Camera,security-and-cameras,OK,,yes,,,572,,,,,,,curated
product,https://nxtsmarthome.com.au/products/ring-wired-video-doorbell-2k-plug-in/,ring-wired-video-doorbell-2k-plug-in,Ring Wired Video Doorbell 2K Plug-In,security-and-cameras,OK,,yes,,,606,,,,,,,curated
product,https://nxtsmarthome.com.au/products/tp-link-2k-tapo-smart-video-doorbell-mini/,tp-link-2k-tapo-smart-video-doorbell-mini,TP Link 2K Tapo Smart Video Doorbell Mini,security-and-cameras,OK,,yes,,,618,,,,,,,curated
product,https://nxtsmarthome.com.au/products/aqara-a100-smart-door-lock/,aqara-a100-smart-door-lock,Aqara A100 Smart Door Lock,smart-door-locks,OK,,yes,,,587,,,,,,,curated
product,https://nxtsmarthome.com.au/products/swann-xtreem4k-eco-wireless-security-camera-with-solar-panel/,swann-xtreem4k-eco-wireless-security-camera-with-solar-panel,Swann Xtreem4K Eco Wireless Security Camera with Solar Panel,security-and-cameras,OK,,yes,,,553,,,,,,,curated
product,https://nxtsmarthome.com.au/products/eufy-security-solar-wall-light-cam-s120/,eufy-security-solar-wall-light-cam-s120,Eufy Security Solar Wall Light Cam S120,security-and-cameras,OK,,yes,,,584,,,,,,,curated
product,https://nxtsmarthome.com.au/products/tp-link-tapo-2k-solar-powered-pan-tilt-security-camera-kit/,tp-link-tapo-2k-solar-powered-pan-tilt-security-camera-kit,TP Link Tapo 2K Solar-Powered Pan/Tilt Security Camera Kit,security-and-cameras,OK,,yes,,,591,,,,,,,curated
product,https://nxtsmarthome.com.au/products/swann-evo-wireless-2k-security-camera-solar/,swann-evo-wireless-2k-security-camera-solar,Swann EVO Wireless 2K Security Camera Solar,security-and-cameras,OK,,yes,,,605,,,,,,,curated
product,https://nxtsmarthome.com.au/products/philips-2k-dual-cam-video-doorbell-dda270x-2txs3/,philips-2k-dual-cam-video-doorbell-dda270x-2txs3,Philips 2K Dual-Cam Video Doorbell DDA270X-2TXS3,security-and-cameras,OK,,yes,,,577,,,,,,,curated
product,https://nxtsmarthome.com.au/products/eufy-security-smart-lock-touch-wifi/,eufy-security-smart-lock-touch-wifi,Eufy Security Smart Lock Touch & WiFi,smart-door-locks,OK,,yes,,,592,,,,,,,curated
product,https://nxtsmarthome.com.au/products/connect-smarthome-2k-outdoor-camera-4-pack/,connect-smarthome-2k-outdoor-camera-4-pack,Connect SmartHome 2K Outdoor Camera 4 Pack,security-and-cameras,OK,,yes,,,534,,,,,,,curated
product,https://nxtsmarthome.com.au/products/connect-smarthome-2k-outdoor-camera-with-solar-panel/,connect-smarthome-2k-outdoor-camera-with-solar-panel,Connect SmartHome 2K Outdoor Camera with solar panel,security-and-cameras,OK,,yes,,,541,,,,,,,curated
product,https://nxtsmarthome.com.au/products/tp-link-tapo-d210-2k-video-doorbell-camera/,tp-link-tapo-d210-2k-video-doorbell-camera,TP-Link Tapo D210 2K Video Doorbell Camera,security-and-cameras,OK,,yes,,,522,,,,,,,curated
product,https://nxtsmarthome.com.au/products/tp-link-tapo-l530e-smart-wi-fi-multicolour-bulb/,tp-link-tapo-l530e-smart-wi-fi-multicolour-bulb,TP-Link Tapo l530e Smart Wi-Fi Multicolour Bulb,lighting,OK,,yes,,,579,,,,,,,curated
product,https://nxtsmarthome.com.au/products/50-bulb-wifi-smart-outdoor-festoon-lights/,50-bulb-wifi-smart-outdoor-festoon-lights,50 Bulb Wifi Smart Outdoor Festoon Lights,lighting,THIN - EMPTY,"Keep noindex and out of listings, or write curated editorial",no,,,0,,,,,,,no bestFor; no pros/cons
product,https://nxtsmarthome.com.au/products/arlec-9w-92mm-grid-connect-smart-rgb-cct-led-downlight/,arlec-9w-92mm-grid-connect-smart-rgb-cct-led-downlight,Arlec 9W 92mm Grid Connect Smart RGB+CCT LED Downlight,lighting,OK,,yes,,,582,,,,,,,curated
product,https://nxtsmarthome.com.au/products/wiz-colour-a60-e27-smart-bulb/,wiz-colour-a60-e27-smart-bulb,WiZ Colour A60 E27 Smart Bulb,lighting,OK,,yes,,,568,,,,,,,curated
product,https://nxtsmarthome.com.au/products/arlec-grid-connect-smart-strip-light-with-razer-chroma-rgb/,arlec-grid-connect-smart-strip-light-with-razer-chroma-rgb,Arlec Grid Connect Smart Strip Light With Razer Chroma RGB,lighting,OK,,yes,,,560,,,,,,,curated
product,https://nxtsmarthome.com.au/products/mirabella-genio-3m-wi-fi-led-strip-light/,mirabella-genio-3m-wi-fi-led-strip-light,Mirabella Genio 3m Wi-Fi LED Strip Light,lighting,OK,,yes,,,562,,,,,,,curated
product,https://nxtsmarthome.com.au/products/tp-link-tapo-b22-multicolour-bulb/,tp-link-tapo-b22-multicolour-bulb,TP-Link Tapo B22 Multicolour Bulb,lighting,OK,,yes,,,515,,,,,,,curated
product,https://nxtsmarthome.com.au/products/samsung-hw-b400f-b-series-2-0ch-soundbar/,samsung-hw-b400f-b-series-2-0ch-soundbar,Samsung HW-B400F B-Series 2.0ch Soundbar,entertainment-and-audio,OK,,yes,,,538,,,,,,,curated
product,https://nxtsmarthome.com.au/products/google-tv-streamer-4k/,google-tv-streamer-4k,Google TV Streamer 4K,entertainment-and-audio,OK,,yes,,,590,,,,,,,curated
product,https://nxtsmarthome.com.au/products/eufy-all-in-one-smart-display-e10/,eufy-all-in-one-smart-display-e10,eufy All in One Smart Display E10,entertainment-and-audio,OK,,yes,,,551,,,,,,,curated
product,https://nxtsmarthome.com.au/products/englaon-anywhere-32-4k-uhd-touch-screen/,englaon-anywhere-32-4k-uhd-touch-screen,"ENGLAON ANYWHERE 32"" 4K UHD Touch Screen",entertainment-and-audio,OK,,yes,,,537,,,,,,,curated
product,https://nxtsmarthome.com.au/products/tcl-2-1-ch-soundbar-with-wireless-subwoofer-s55h/,tcl-2-1-ch-soundbar-with-wireless-subwoofer-s55h,TCL 2.1 Ch Soundbar with Wireless Subwoofer s55h,entertainment-and-audio,OK,,yes,,,559,,,,,,,curated
product,https://nxtsmarthome.com.au/products/kogan-4k-google-tv-dongle/,kogan-4k-google-tv-dongle,Kogan 4K Google TV Dongle,entertainment-and-audio,OK,,yes,,,539,,,,,,,curated
product,https://nxtsmarthome.com.au/products/yamaha-musiccast-20-wireless-speaker/,yamaha-musiccast-20-wireless-speaker,Yamaha MusicCast 20 Wireless Speaker,entertainment-and-audio,OK,,yes,,,568,,,,,,,curated
product,https://nxtsmarthome.com.au/products/lg-32-stanbyme-2-max-portable-smart-touch-screen/,lg-32-stanbyme-2-max-portable-smart-touch-screen,"LG 32"" StanbyME 2 Max Portable Smart Touch Screen",entertainment-and-audio,OK,,yes,,,585,,,,,,,curated
product,https://nxtsmarthome.com.au/products/smart-air-purifier/,smart-air-purifier,Smart Air Purifier,climate-and-comfort,OK,,yes,,,528,,,,,,,curated
product,https://nxtsmarthome.com.au/products/arovec-air-purifier-smart-true-hepa/,arovec-air-purifier-smart-true-hepa,AROVEC Air Purifier Smart True HEPA,climate-and-comfort,OK,,yes,,,585,,,,,,,curated
product,https://nxtsmarthome.com.au/products/philips-pureprotect-2200-series-smart-air-purifier/,philips-pureprotect-2200-series-smart-air-purifier,Philips PureProtect 2200 Series Smart Air Purifier,climate-and-comfort,OK,,yes,,,530,,,,,,,curated
product,https://nxtsmarthome.com.au/products/smartmi-air-purifier-c1/,smartmi-air-purifier-c1,Smartmi Air Purifier C1,climate-and-comfort,OK,,yes,,,547,,,,,,,curated
product,https://nxtsmarthome.com.au/products/kogan-smarterhome-zigbee-temperature-and-humidity-sensor/,kogan-smarterhome-zigbee-temperature-and-humidity-sensor,Kogan SmarterHome Zigbee Temperature and Humidity Sensor,climate-and-comfort,OK,,yes,,,584,,,,,,,curated
product,https://nxtsmarthome.com.au/products/aqara-hub-m100/,aqara-hub-m100,Aqara Hub M100,hubs-and-platforms,OK,,yes,,,576,,,,,,,curated
product,https://nxtsmarthome.com.au/products/bluetti-ac2a-portable-power-station/,bluetti-ac2a-portable-power-station,BLUETTI ac2a Portable Power Station,energy-and-solar,OK,,yes,,,583,,,,,,,curated
product,https://nxtsmarthome.com.au/products/millers-falls-portable-power-station-400w/,millers-falls-portable-power-station-400w,Millers Falls Portable Power Station 400w,energy-and-solar,OK,,yes,,,533,,,,,,,curated
product,https://nxtsmarthome.com.au/products/arlec-grid-connect-smart-4-outlet-powerboard-with-usb-a-and-c-charger/,arlec-grid-connect-smart-4-outlet-powerboard-with-usb-a-and-c-charger,Arlec Grid Connect Smart 4 Outlet Powerboard With USB A And C Charger,energy-and-solar,OK,,yes,,,587,,,,,,,curated
author,https://nxtsmarthome.com.au/authors/adrian-thompson/,adrian-thompson,Adrian Thompson,,THIN,"No live posts: keep noindex, or remove the profile",no,,,183,,,,,0,,
author,https://nxtsmarthome.com.au/authors/harry-cheng/,harry-cheng,Harry Cheng,,THIN,"No live posts: keep noindex, or remove the profile",no,,,202,,,,,0,,
author,https://nxtsmarthome.com.au/authors/kritin-curtis/,kritin-curtis,Kritin Curtis,,OK,,yes,,,196,,,,,83,,similar name: K Curtis (Strapi: k-curtis → aliased to kritin-curtis)
author,https://nxtsmarthome.com.au/authors/nxt-smart-home-editorial/,nxt-smart-home-editorial,NXT Smart Home Editorial,,THIN,"No live posts: keep noindex, or remove the profile",no,,,95,,,,,0,,
