tier,slug,title,category,original_words,verdict,flags,url
A-needs-verdict-only,dyson-purifier-cool-autoreact-tp07,Dyson Purifier Cool Autoreact (TP07),climate-and-comfort,622,THIN,no pros/cons; 22/30 reviews from sources not allowed; reviews block shown (8),https://nxtsmarthome.com.au/products/dyson-purifier-cool-autoreact-tp07/
A-needs-verdict-only,aqara-temperature-and-humidity-sensor-t1,Aqara Temperature and Humidity Sensor T1,climate-and-comfort,601,THIN,no pros/cons; 30/30 reviews from sources not allowed,https://nxtsmarthome.com.au/products/aqara-temperature-and-humidity-sensor-t1/
A-needs-verdict-only,levoit-core-600s-smart-air-purifier,Levoit Core 600S Smart Air Purifier,climate-and-comfort,600,THIN,no pros/cons,https://nxtsmarthome.com.au/products/levoit-core-600s-smart-air-purifier/
A-needs-verdict-only,tado-smart-ac-control-v3,Tado Smart AC Control V3+,climate-and-comfort,595,THIN,no pros/cons; 25/30 reviews from sources not allowed; reviews block shown (5),https://nxtsmarthome.com.au/products/tado-smart-ac-control-v3/
A-needs-verdict-only,google-nest-smart-thermostat,Google Nest Smart Thermostat,climate-and-comfort,593,THIN,no pros/cons,https://nxtsmarthome.com.au/products/google-nest-smart-thermostat/
A-needs-verdict-only,levoit-core-400s-air-purifier,Levoit Core 400S Air Purifier,climate-and-comfort,592,THIN,no pros/cons,https://nxtsmarthome.com.au/products/levoit-core-400s-air-purifier/
A-needs-verdict-only,breville-smart-air-viral-protect-night-glow-purifier,Breville Smart Air Viral Protect Night Glow Purifier,climate-and-comfort,584,THIN,no pros/cons,https://nxtsmarthome.com.au/products/breville-smart-air-viral-protect-night-glow-purifier/
A-needs-verdict-only,ecobee-smart-thermostat-premium,ecobee Smart Thermostat Premium,climate-and-comfort,580,THIN,no pros/cons; 13/30 reviews from sources not allowed; reviews block shown (17),https://nxtsmarthome.com.au/products/ecobee-smart-thermostat-premium/
A-needs-verdict-only,philips-pureprotect-mini-900-series-smart-air-purifier,Philips PureProtect Mini 900 Series Smart Air Purifier,climate-and-comfort,577,THIN,no pros/cons,https://nxtsmarthome.com.au/products/philips-pureprotect-mini-900-series-smart-air-purifier/
A-needs-verdict-only,breville-easy-air-connect-purifier,Breville Easy Air Connect Purifier,climate-and-comfort,562,THIN,no pros/cons,https://nxtsmarthome.com.au/products/breville-easy-air-connect-purifier/
A-needs-verdict-only,bing-lee-smart-air-conditioner-wifi-controller,Bing Lee Smart Air Conditioner WiFi Controller,climate-and-comfort,560,THIN,no pros/cons,https://nxtsmarthome.com.au/products/bing-lee-smart-air-conditioner-wifi-controller/
A-needs-verdict-only,bosch-ii-smart-thermostat,Bosch Ii Smart Thermostat,climate-and-comfort,559,THIN,no pros/cons,https://nxtsmarthome.com.au/products/bosch-ii-smart-thermostat/
A-needs-verdict-only,airversa-smart-air-purifier-matter-over-thread,Airversa Smart Air Purifier (Matter over Thread),climate-and-comfort,532,THIN,no pros/cons,https://nxtsmarthome.com.au/products/airversa-smart-air-purifier-matter-over-thread/
A-needs-verdict-only,ecobee-smartsensor-2-pack,ecobee SmartSensor 2-Pack,climate-and-comfort,531,THIN,"no pros/cons; reviews block shown (30, with score)",https://nxtsmarthome.com.au/products/ecobee-smartsensor-2-pack/
A-needs-verdict-only,levoit-core-300s-smart-air-purifier,Levoit Core 300S Smart Air Purifier,climate-and-comfort,515,THIN,no pros/cons,https://nxtsmarthome.com.au/products/levoit-core-300s-smart-air-purifier/
A-needs-verdict-only,switchbot-hub-2-matter-ir-ac-controller,SwitchBot Hub 2 (Matter & IR AC Controller),climate-and-comfort,493,THIN,no pros/cons; 15/15 reviews from sources not allowed,https://nxtsmarthome.com.au/products/switchbot-hub-2-matter-ir-ac-controller/
A-needs-verdict-only,sensibo-air-smart-air-conditioner-controller,Sensibo Air Smart Air Conditioner Controller,climate-and-comfort,488,THIN,no pros/cons,https://nxtsmarthome.com.au/products/sensibo-air-smart-air-conditioner-controller/
A-needs-verdict-only,aircon-off-universal-air-conditioner-smart-remote,Aircon Off Universal Air Conditioner Smart Remote,climate-and-comfort,439,THIN,no pros/cons,https://nxtsmarthome.com.au/products/aircon-off-universal-air-conditioner-smart-remote/
A-needs-verdict-only,shark-neverchange5-air-purifier,Shark NeverChange5 Air Purifier,climate-and-comfort,418,THIN,no pros/cons,https://nxtsmarthome.com.au/products/shark-neverchange5-air-purifier/
A-needs-verdict-only,tp-link-tapo-p300-smart-wi-fi-power-strip,TP-Link Tapo P300 Smart Wi-Fi Power Strip,energy-and-solar,621,THIN,no pros/cons; 14/30 reviews from sources not allowed; reviews block shown (16),https://nxtsmarthome.com.au/products/tp-link-tapo-p300-smart-wi-fi-power-strip/
A-needs-verdict-only,tp-link-tapo-smart-wi-fi-power-strip,TP-Link Tapo Smart Wi-Fi Power Strip,energy-and-solar,582,THIN,no pros/cons,https://nxtsmarthome.com.au/products/tp-link-tapo-smart-wi-fi-power-strip/
A-needs-verdict-only,shelly-pro-4pm-4-channel-din-rail-relay,Shelly Pro 4PM 4-Channel DIN Rail Relay,energy-and-solar,554,THIN,no pros/cons; 16/30 reviews from sources not allowed; reviews block shown (14),https://nxtsmarthome.com.au/products/shelly-pro-4pm-4-channel-din-rail-relay/
A-needs-verdict-only,tp-link-tapo-p110m-mini-smart-wi-fi-plug,TP-Link Tapo P110M Mini Smart Wi-Fi Plug,energy-and-solar,552,THIN,no pros/cons,https://nxtsmarthome.com.au/products/tp-link-tapo-p110m-mini-smart-wi-fi-plug/
A-needs-verdict-only,bluetti-ac180p-portable-power-station,BLUETTI AC180P Portable Power Station,energy-and-solar,536,THIN,no pros/cons,https://nxtsmarthome.com.au/products/bluetti-ac180p-portable-power-station/
A-needs-verdict-only,netatmo-smart-weather-station,Netatmo Smart Weather Station,energy-and-solar,512,THIN,no pros/cons; 4/5 reviews from sources not allowed,https://nxtsmarthome.com.au/products/netatmo-smart-weather-station/
A-needs-verdict-only,eve-energy-smart-plug-matter-over-thread,Eve Energy Smart Plug (Matter over Thread),energy-and-solar,508,THIN,no pros/cons,https://nxtsmarthome.com.au/products/eve-energy-smart-plug-matter-over-thread/
A-needs-verdict-only,philips-hue-smart-plug,Philips Hue Smart Plug,energy-and-solar,508,THIN,no pros/cons,https://nxtsmarthome.com.au/products/philips-hue-smart-plug/
A-needs-verdict-only,wiz-smart-plug,WiZ Smart Plug,energy-and-solar,488,THIN,no pros/cons,https://nxtsmarthome.com.au/products/wiz-smart-plug/
A-needs-verdict-only,tapo-p110-smart-energy-monitoring,Tapo P110 Smart Energy Monitoring,energy-and-solar,486,THIN,no pros/cons,https://nxtsmarthome.com.au/products/tapo-p110-smart-energy-monitoring/
A-needs-verdict-only,fibaro-wall-plug-z-wave-plus-au-plug,Fibaro Wall Plug Z-Wave Plus (AU Plug),energy-and-solar,471,THIN,no pros/cons; 30/30 reviews from sources not allowed,https://nxtsmarthome.com.au/products/fibaro-wall-plug-z-wave-plus-au-plug/
A-needs-verdict-only,anker-solix-c1000-portable-power-station,Anker Solix C1000 Portable Power Station,energy-and-solar,462,THIN,"no pros/cons; 1/30 reviews from sources not allowed; reviews block shown (29, with score)",https://nxtsmarthome.com.au/products/anker-solix-c1000-portable-power-station/
A-needs-verdict-only,powersensor-energy-and-solar-monitoring-solution,Powersensor Energy and Solar Monitoring Solution,energy-and-solar,453,THIN,no pros/cons,https://nxtsmarthome.com.au/products/powersensor-energy-and-solar-monitoring-solution/
A-needs-verdict-only,ecoflow-delta-2-portable-power-station-1024wh,EcoFlow Delta 2 Portable Power Station 1024Wh,energy-and-solar,442,THIN,no pros/cons; 30/30 reviews from sources not allowed,https://nxtsmarthome.com.au/products/ecoflow-delta-2-portable-power-station-1024wh/
A-needs-verdict-only,eufy-e10-smart-display,Eufy E10 Smart Display,entertainment-and-audio,709,THIN,no pros/cons,https://nxtsmarthome.com.au/products/eufy-e10-smart-display/
A-needs-verdict-only,sonos-era-100-smart-speaker,Sonos Era 100 Smart Speaker,entertainment-and-audio,673,THIN,"no pros/cons; reviews block shown (30, with score)",https://nxtsmarthome.com.au/products/sonos-era-100-smart-speaker/
A-needs-verdict-only,amazon-echo-4th-gen-smart-speaker,Amazon Echo (4th Gen) Smart Speaker,entertainment-and-audio,671,THIN,no pros/cons,https://nxtsmarthome.com.au/products/amazon-echo-4th-gen-smart-speaker/
A-needs-verdict-only,lg-stanbyme-2-27-portable-smart-touch-screen-tv,"LG StanbyME 2 27"" Portable Smart Touch Screen TV",entertainment-and-audio,654,THIN,no pros/cons,https://nxtsmarthome.com.au/products/lg-stanbyme-2-27-portable-smart-touch-screen-tv/
A-needs-verdict-only,google-nest-hub-2nd-gen-smart-display,Google Nest Hub (2nd Gen) Smart Display,entertainment-and-audio,653,THIN,no pros/cons; 20/30 reviews from sources not allowed; reviews block shown (10),https://nxtsmarthome.com.au/products/google-nest-hub-2nd-gen-smart-display/
A-needs-verdict-only,amazon-echo-show-10-3rd-gen-hd-display,Amazon Echo Show 10 (3rd Gen) HD Display,entertainment-and-audio,631,THIN,no pros/cons; 30/30 reviews from sources not allowed,https://nxtsmarthome.com.au/products/amazon-echo-show-10-3rd-gen-hd-display/
A-needs-verdict-only,bose-lifestyle-ultra-speaker,Bose Lifestyle Ultra Speaker,entertainment-and-audio,619,THIN,no pros/cons,https://nxtsmarthome.com.au/products/bose-lifestyle-ultra-speaker/
A-needs-verdict-only,nvidia-shield-tv-pro-4k-hdr-streaming-media-player,NVIDIA Shield TV Pro 4K HDR Streaming Media Player,entertainment-and-audio,616,THIN,no pros/cons,https://nxtsmarthome.com.au/products/nvidia-shield-tv-pro-4k-hdr-streaming-media-player/
A-needs-verdict-only,sonos-era-300-spatial-audio-speaker,Sonos Era 300 Spatial Audio Speaker,entertainment-and-audio,609,THIN,no pros/cons,https://nxtsmarthome.com.au/products/sonos-era-300-spatial-audio-speaker/
A-needs-verdict-only,sonos-sub-mini-wireless-subwoofer,Sonos Sub Mini Wireless Subwoofer,entertainment-and-audio,600,THIN,no pros/cons; 11/30 reviews from sources not allowed; reviews block shown (19),https://nxtsmarthome.com.au/products/sonos-sub-mini-wireless-subwoofer/
A-needs-verdict-only,amazon-echo-dot-5th-gen-smart-speaker,Amazon Echo Dot 5th Gen Smart Speaker,entertainment-and-audio,597,THIN,no pros/cons,https://nxtsmarthome.com.au/products/amazon-echo-dot-5th-gen-smart-speaker/
A-needs-verdict-only,sonos-beam-gen-2-compact-smart-soundbar,Sonos Beam (Gen 2) Compact Smart Soundbar,entertainment-and-audio,594,THIN,no pros/cons; 6/6 reviews from sources not allowed,https://nxtsmarthome.com.au/products/sonos-beam-gen-2-compact-smart-soundbar/
A-needs-verdict-only,sony-hts100f-soundbar,Sony HTS100F Soundbar,entertainment-and-audio,590,THIN,no pros/cons,https://nxtsmarthome.com.au/products/sony-hts100f-soundbar/
A-needs-verdict-only,sonos-move-2-portable-smart-speaker,Sonos Move 2 Portable Smart Speaker,entertainment-and-audio,576,THIN,"no pros/cons; 7/30 reviews from sources not allowed; reviews block shown (23, with score)",https://nxtsmarthome.com.au/products/sonos-move-2-portable-smart-speaker/
A-needs-verdict-only,sonos-ray-soundbar,Sonos Ray Soundbar,entertainment-and-audio,574,THIN,no pros/cons,https://nxtsmarthome.com.au/products/sonos-ray-soundbar/
A-needs-verdict-only,hisense-hs2100-2-1ch-soundbar,Hisense HS2100 2.1CH Soundbar,entertainment-and-audio,572,THIN,no pros/cons,https://nxtsmarthome.com.au/products/hisense-hs2100-2-1ch-soundbar/
A-needs-verdict-only,google-nest-audio-smart-speaker,Google Nest Audio Smart Speaker,entertainment-and-audio,562,THIN,no pros/cons,https://nxtsmarthome.com.au/products/google-nest-audio-smart-speaker/
A-needs-verdict-only,jbl-cinema-sb510-3-1-channel-soundbar,JBL Cinema SB510 3.1 Channel Soundbar,entertainment-and-audio,561,THIN,no pros/cons,https://nxtsmarthome.com.au/products/jbl-cinema-sb510-3-1-channel-soundbar/
A-needs-verdict-only,samsung-music-studio-5-speaker,Samsung Music Studio 5 Speaker,entertainment-and-audio,550,THIN,no pros/cons,https://nxtsmarthome.com.au/products/samsung-music-studio-5-speaker/
A-needs-verdict-only,blaupunkt-bptv10-android-tv-streaming-device,Blaupunkt BPTV10 Android TV Streaming Device,entertainment-and-audio,535,THIN,no pros/cons,https://nxtsmarthome.com.au/products/blaupunkt-bptv10-android-tv-streaming-device/
A-needs-verdict-only,jbl-authentics-200-smart-home-speaker,JBL Authentics 200 Smart Home Speaker,entertainment-and-audio,529,THIN,no pros/cons,https://nxtsmarthome.com.au/products/jbl-authentics-200-smart-home-speaker/
A-needs-verdict-only,anko-pro-home-soundbar,Anko Pro Home Soundbar,entertainment-and-audio,527,THIN,no pros/cons,https://nxtsmarthome.com.au/products/anko-pro-home-soundbar/
A-needs-verdict-only,amazon-echo-dot-max-speaker,Amazon Echo Dot Max Speaker,entertainment-and-audio,521,THIN,no pros/cons,https://nxtsmarthome.com.au/products/amazon-echo-dot-max-speaker/
A-needs-verdict-only,laser-digital-full-hd-media-player,Laser Digital Full HD Media Player,entertainment-and-audio,517,THIN,no pros/cons,https://nxtsmarthome.com.au/products/laser-digital-full-hd-media-player/
A-needs-verdict-only,samsung-music-studio-7-wifi-bluetooth-wireless-speaker,Samsung Music Studio 7 WiFi-Bluetooth Wireless Speaker,entertainment-and-audio,512,THIN,no pros/cons,https://nxtsmarthome.com.au/products/samsung-music-studio-7-wifi-bluetooth-wireless-speaker/
A-needs-verdict-only,sonos-era-100-sl,Sonos Era 100 SL,entertainment-and-audio,511,THIN,no pros/cons,https://nxtsmarthome.com.au/products/sonos-era-100-sl/
A-needs-verdict-only,amazon-echo-show-15-2nd-gen,Amazon Echo Show 15 2nd Gen,entertainment-and-audio,488,THIN,no pros/cons,https://nxtsmarthome.com.au/products/amazon-echo-show-15-2nd-gen/
A-needs-verdict-only,apple-homepod-mini,Apple HomePod mini,entertainment-and-audio,475,THIN,no pros/cons; 29/30 reviews from sources not allowed,https://nxtsmarthome.com.au/products/apple-homepod-mini/
A-needs-verdict-only,aeotec-smart-home-hub-smartthings,Aeotec Smart Home Hub (SmartThings),hubs-and-platforms,593,THIN,no pros/cons; 30/30 reviews from sources not allowed,https://nxtsmarthome.com.au/products/aeotec-smart-home-hub-smartthings/
A-needs-verdict-only,homey-pro-2023-smart-home-hub,Homey Pro (2023) Smart Home Hub,hubs-and-platforms,539,THIN,no pros/cons; 3/3 reviews from sources not allowed,https://nxtsmarthome.com.au/products/homey-pro-2023-smart-home-hub/
A-needs-verdict-only,amazon-echo-hub-8-smart-home-control-panel,"Amazon Echo Hub 8"" Smart Home Control Panel",hubs-and-platforms,524,THIN,no pros/cons; 3/4 reviews from sources not allowed,https://nxtsmarthome.com.au/products/amazon-echo-hub-8-smart-home-control-panel/
A-needs-verdict-only,homey-bridge-the-ultimate-home-automation-hub,Homey Bridge The ultimate home automation hub,hubs-and-platforms,510,THIN,no pros/cons,https://nxtsmarthome.com.au/products/homey-bridge-the-ultimate-home-automation-hub/
A-needs-verdict-only,philips-hue-bridge-v2,Philips Hue Bridge (V2),hubs-and-platforms,509,THIN,no pros/cons; 30/30 reviews from sources not allowed,https://nxtsmarthome.com.au/products/philips-hue-bridge-v2/
A-needs-verdict-only,wiz-smart-colour-bulb-a60-b22,WiZ Smart Colour Bulb A60 B22,lighting,662,THIN,no pros/cons,https://nxtsmarthome.com.au/products/wiz-smart-colour-bulb-a60-b22/
A-needs-verdict-only,tapo-l530b-tp-link-smart-wi-fi-light-bulb,Tapo L530B TP-Link Smart Wi-Fi Light Bulb,lighting,613,THIN,no pros/cons,https://nxtsmarthome.com.au/products/tapo-l530b-tp-link-smart-wi-fi-light-bulb/
A-needs-verdict-only,govee-wi-fi-bluetooth-smart-light-bulb-e27,Govee Wi-Fi & Bluetooth Smart Light Bulb E27,lighting,606,THIN,no pros/cons,https://nxtsmarthome.com.au/products/govee-wi-fi-bluetooth-smart-light-bulb-e27/
A-needs-verdict-only,philips-hue-lily-xl-outdoor-led-spot-light,Philips Hue Lily XL Outdoor LED Spot Light,lighting,587,THIN,no pros/cons,https://nxtsmarthome.com.au/products/philips-hue-lily-xl-outdoor-led-spot-light/
A-needs-verdict-only,philips-hue-akari-downlight,Philips Hue Akari Downlight,lighting,586,THIN,no pros/cons,https://nxtsmarthome.com.au/products/philips-hue-akari-downlight/
A-needs-verdict-only,govee-smart-light-bulb-b22,Govee Smart Light Bulb B22,lighting,577,THIN,no pros/cons,https://nxtsmarthome.com.au/products/govee-smart-light-bulb-b22/
A-needs-verdict-only,tp-link-tapo-l530e-smart-wi-fi-light-bulb-e27,TP-Link Tapo L530E Smart Wi-Fi Light Bulb E27,lighting,566,THIN,no pros/cons; 30/30 reviews from sources not allowed,https://nxtsmarthome.com.au/products/tp-link-tapo-l530e-smart-wi-fi-light-bulb-e27/
A-needs-verdict-only,nanoleaf-shapes-hexagons-starter-kit-9-panels,Nanoleaf Shapes Hexagons Starter Kit (9 Panels),lighting,559,THIN,no pros/cons; 14/14 reviews from sources not allowed,https://nxtsmarthome.com.au/products/nanoleaf-shapes-hexagons-starter-kit-9-panels/
A-needs-verdict-only,nanoleaf-essentials-smart-bulb-e27-2-pack,Nanoleaf Essentials Smart Bulb E27 2 Pack,lighting,559,THIN,no pros/cons,https://nxtsmarthome.com.au/products/nanoleaf-essentials-smart-bulb-e27-2-pack/
A-needs-verdict-only,govee-outdoor-spot-light-2-pack,Govee Outdoor Spot Light 2-Pack,lighting,551,THIN,no pros/cons,https://nxtsmarthome.com.au/products/govee-outdoor-spot-light-2-pack/
A-needs-verdict-only,mirabella-genio-9w-led-wi-fi-dimmable-downlight,Mirabella Genio 9W LED Wi-Fi Dimmable Downlight,lighting,549,THIN,no pros/cons,https://nxtsmarthome.com.au/products/mirabella-genio-9w-led-wi-fi-dimmable-downlight/
A-needs-verdict-only,philips-hue-discover-outdoor-floodlight,Philips Hue Discover Outdoor Floodlight,lighting,547,THIN,no pros/cons,https://nxtsmarthome.com.au/products/philips-hue-discover-outdoor-floodlight/
A-needs-verdict-only,kogan-smarterhome-smart-touch-single-light-switch,Kogan SmarterHome Smart Touch Single Light Switch,lighting,545,THIN,no pros/cons,https://nxtsmarthome.com.au/products/kogan-smarterhome-smart-touch-single-light-switch/
A-needs-verdict-only,philips-hue-white-color-ambiance-b22-bulb,Philips Hue White & Color Ambiance B22 Bulb,lighting,536,THIN,no pros/cons; 5/6 reviews from sources not allowed,https://nxtsmarthome.com.au/products/philips-hue-white-color-ambiance-b22-bulb/
A-needs-verdict-only,philips-hue-outdoor-lily-spotlight-base-kit,Philips Hue Outdoor Lily Spotlight Base Kit,lighting,525,THIN,no pros/cons; 30/30 reviews from sources not allowed,https://nxtsmarthome.com.au/products/philips-hue-outdoor-lily-spotlight-base-kit/
A-needs-verdict-only,govee-smart-colour-downlight,Govee Smart Colour Downlight,lighting,524,THIN,no pros/cons,https://nxtsmarthome.com.au/products/govee-smart-colour-downlight/
A-needs-verdict-only,nanoleaf-essentials-matter-led-lightstrip-2m,Nanoleaf Essentials Matter LED Lightstrip (2m),lighting,522,THIN,no pros/cons; 18/18 reviews from sources not allowed,https://nxtsmarthome.com.au/products/nanoleaf-essentials-matter-led-lightstrip-2m/
A-needs-verdict-only,nanoleaf-essentials-matter-smart-bulb-e27,Nanoleaf Essentials Matter Smart Bulb E27,lighting,517,THIN,no pros/cons; 3/3 reviews from sources not allowed,https://nxtsmarthome.com.au/products/nanoleaf-essentials-matter-smart-bulb-e27/
A-needs-verdict-only,eufy-e22-permanent-outdoor-lights-15m,Eufy E22 Permanent Outdoor Lights 15m,lighting,516,THIN,no pros/cons,https://nxtsmarthome.com.au/products/eufy-e22-permanent-outdoor-lights-15m/
A-needs-verdict-only,lifx-clean-antibacterial-smart-bulb-e27,LIFX Clean Antibacterial Smart Bulb E27,lighting,515,THIN,no pros/cons; 1/2 reviews from sources not allowed,https://nxtsmarthome.com.au/products/lifx-clean-antibacterial-smart-bulb-e27/
A-needs-verdict-only,connect-smart-rgb-led-light-bulb-b22,Connect Smart RGB LED Light Bulb B22,lighting,508,THIN,no pros/cons,https://nxtsmarthome.com.au/products/connect-smart-rgb-led-light-bulb-b22/
A-needs-verdict-only,philips-hue-lightstrip-plus-2m-base-v4,Philips Hue Lightstrip Plus 2m Base V4,lighting,505,THIN,no pros/cons; 19/30 reviews from sources not allowed; reviews block shown (11),https://nxtsmarthome.com.au/products/philips-hue-lightstrip-plus-2m-base-v4/
A-needs-verdict-only,lifx-z-led-lightstrip-starter-kit-2m,LIFX Z LED Lightstrip Starter Kit (2m),lighting,501,THIN,"no pros/cons; 2/30 reviews from sources not allowed; reviews block shown (28, with score)",https://nxtsmarthome.com.au/products/lifx-z-led-lightstrip-starter-kit-2m/
A-needs-verdict-only,philips-hue-white-color-ambiance-starter-kit-e27,Philips Hue White & Color Ambiance Starter Kit E27,lighting,499,THIN,no pros/cons; 4/6 reviews from sources not allowed,https://nxtsmarthome.com.au/products/philips-hue-white-color-ambiance-starter-kit-e27/
A-needs-verdict-only,wiz-smart-led-color-downlight-90mm,Wiz Smart LED Color Downlight 90mm,lighting,489,THIN,no pros/cons; 2/16 reviews from sources not allowed; reviews block shown (14),https://nxtsmarthome.com.au/products/wiz-smart-led-color-downlight-90mm/
A-needs-verdict-only,tp-link-tapo-smart-wi-fi-light-strip,TP-Link Tapo Smart Wi-Fi Light Strip,lighting,474,THIN,no pros/cons,https://nxtsmarthome.com.au/products/tp-link-tapo-smart-wi-fi-light-strip/
A-needs-verdict-only,wiz-colour-smart-downlight,Wiz Colour Smart Downlight,lighting,400,THIN,no pros/cons,https://nxtsmarthome.com.au/products/wiz-colour-smart-downlight/
A-needs-verdict-only,eufy-clean-x10-pro-omni-robot-vacuum,eufy Clean X10 Pro Omni Robot Vacuum,robot-vacuums,667,THIN,no pros/cons; 28/30 reviews from sources not allowed,https://nxtsmarthome.com.au/products/eufy-clean-x10-pro-omni-robot-vacuum/
A-needs-verdict-only,ecovacs-deebot-t30-pro-omni-robot-vacuum,Ecovacs Deebot T30 Pro Omni Robot Vacuum,robot-vacuums,608,THIN,"no pros/cons; 3/30 reviews from sources not allowed; reviews block shown (27, with score)",https://nxtsmarthome.com.au/products/ecovacs-deebot-t30-pro-omni-robot-vacuum/
A-needs-verdict-only,narwal-freo-x-ultra-robot-vacuum-mop,Narwal Freo X Ultra Robot Vacuum & Mop,robot-vacuums,581,THIN,no pros/cons; 11/30 reviews from sources not allowed; reviews block shown (19),https://nxtsmarthome.com.au/products/narwal-freo-x-ultra-robot-vacuum-mop/
A-needs-verdict-only,roborock-s8-maxv-ultra-robot-vacuum-and-mop,Roborock S8 MaxV Ultra Robot Vacuum and Mop,robot-vacuums,566,THIN,no pros/cons,https://nxtsmarthome.com.au/products/roborock-s8-maxv-ultra-robot-vacuum-and-mop/
A-needs-verdict-only,dreame-x40-ultra-flagship-robot-vacuum,Dreame X40 Ultra Flagship Robot Vacuum,robot-vacuums,565,THIN,"no pros/cons; 1/30 reviews from sources not allowed; reviews block shown (29, with score)",https://nxtsmarthome.com.au/products/dreame-x40-ultra-flagship-robot-vacuum/
A-needs-verdict-only,xiaomi-robot-vacuum-x20-self-cleaning,Xiaomi Robot Vacuum X20+ Self-Cleaning,robot-vacuums,557,THIN,no pros/cons; 30/30 reviews from sources not allowed,https://nxtsmarthome.com.au/products/xiaomi-robot-vacuum-x20-self-cleaning/
A-needs-verdict-only,irobot-roomba-combo-i5-robot-vacuum,iRobot Roomba Combo i5+ Robot Vacuum,robot-vacuums,531,THIN,no pros/cons; 30/30 reviews from sources not allowed,https://nxtsmarthome.com.au/products/irobot-roomba-combo-i5-robot-vacuum/
A-needs-verdict-only,dreame-l20-ultra-robot-vacuum-with-mopextend,Dreame L20 Ultra Robot Vacuum with MopExtend,robot-vacuums,526,THIN,no pros/cons; 1/16 reviews from sources not allowed; reviews block shown (15),https://nxtsmarthome.com.au/products/dreame-l20-ultra-robot-vacuum-with-mopextend/
A-needs-verdict-only,irobot-roomba-combo-j9-robot-vacuum-mop,iRobot Roomba Combo j9+ Robot Vacuum & Mop,robot-vacuums,523,THIN,"no pros/cons; 6/30 reviews from sources not allowed; reviews block shown (24, with score)",https://nxtsmarthome.com.au/products/irobot-roomba-combo-j9-robot-vacuum-mop/
A-needs-verdict-only,aqara-doorbell-camera-g4-matter,Aqara Doorbell Camera G4 Matter,security-and-cameras,687,THIN,no pros/cons; 30/30 reviews from sources not allowed,https://nxtsmarthome.com.au/products/aqara-doorbell-camera-g4-matter/
A-needs-verdict-only,eufy-security-solocam-s340-solar-pan-tilt,eufy Security SoloCam S340 Solar Pan & Tilt,security-and-cameras,629,THIN,no pros/cons; 30/30 reviews from sources not allowed,https://nxtsmarthome.com.au/products/eufy-security-solocam-s340-solar-pan-tilt/
A-needs-verdict-only,swann-max-4k-ultra-hd-security-system,Swann Max+ 4K Ultra HD Security System,security-and-cameras,608,THIN,"no pros/cons; 9/30 reviews from sources not allowed; reviews block shown (21, with score)",https://nxtsmarthome.com.au/products/swann-max-4k-ultra-hd-security-system/
A-needs-verdict-only,ring-video-doorbell-pro-2,Ring Video Doorbell Pro 2,security-and-cameras,598,THIN,"no pros/cons; 2/30 reviews from sources not allowed; reviews block shown (28, with score)",https://nxtsmarthome.com.au/products/ring-video-doorbell-pro-2/
A-needs-verdict-only,ring-battery-doorbell-plus,Ring Battery Doorbell Plus,security-and-cameras,598,THIN,no pros/cons; 27/30 reviews from sources not allowed,https://nxtsmarthome.com.au/products/ring-battery-doorbell-plus/
A-needs-verdict-only,eufy-security-indoor-cam-s350-dual-lens,eufy Security Indoor Cam S350 Dual-Lens,security-and-cameras,595,THIN,"no pros/cons; reviews block shown (30, with score)",https://nxtsmarthome.com.au/products/eufy-security-indoor-cam-s350-dual-lens/
A-needs-verdict-only,ring-stick-up-cam-battery,Ring Stick Up Cam Battery,security-and-cameras,582,THIN,no pros/cons; 28/30 reviews from sources not allowed,https://nxtsmarthome.com.au/products/ring-stick-up-cam-battery/
A-needs-verdict-only,arlo-pro-5-2k-wireless-security-camera,Arlo Pro 5 2K Wireless Security Camera,security-and-cameras,578,THIN,no pros/cons; 30/30 reviews from sources not allowed,https://nxtsmarthome.com.au/products/arlo-pro-5-2k-wireless-security-camera/
A-needs-verdict-only,reolink-video-doorbell-wifi-2k,Reolink Video Doorbell WiFi 2K+,security-and-cameras,576,THIN,no pros/cons; 30/30 reviews from sources not allowed,https://nxtsmarthome.com.au/products/reolink-video-doorbell-wifi-2k/
A-needs-verdict-only,tp-link-tapo-d230s1-smart-video-doorbell,TP-Link Tapo D230S1 Smart Video Doorbell,security-and-cameras,573,THIN,no pros/cons; 20/23 reviews from sources not allowed,https://nxtsmarthome.com.au/products/tp-link-tapo-d230s1-smart-video-doorbell/
A-needs-verdict-only,ring-indoor-cam-2nd-gen,Ring Indoor Cam (2nd Gen),security-and-cameras,568,THIN,no pros/cons,https://nxtsmarthome.com.au/products/ring-indoor-cam-2nd-gen/
A-needs-verdict-only,tp-link-tapo-c220-2k-pan-tilt-security-camera,TP-Link Tapo C220 2K Pan/Tilt Security Camera,security-and-cameras,567,THIN,no pros/cons; 30/30 reviews from sources not allowed,https://nxtsmarthome.com.au/products/tp-link-tapo-c220-2k-pan-tilt-security-camera/
A-needs-verdict-only,google-nest-doorbell-battery,Google Nest Doorbell (Battery),security-and-cameras,566,THIN,no pros/cons; 30/30 reviews from sources not allowed,https://nxtsmarthome.com.au/products/google-nest-doorbell-battery/
A-needs-verdict-only,arlo-essential-wireless-video-doorbell-2k,Arlo Essential Wireless Video Doorbell 2K,security-and-cameras,558,THIN,"no pros/cons; 9/30 reviews from sources not allowed; reviews block shown (21, with score)",https://nxtsmarthome.com.au/products/arlo-essential-wireless-video-doorbell-2k/
A-needs-verdict-only,reolink-argus-3-ultra-4k-solar-camera,Reolink Argus 3 Ultra 4K Solar Camera,security-and-cameras,558,THIN,no pros/cons; 8/8 reviews from sources not allowed,https://nxtsmarthome.com.au/products/reolink-argus-3-ultra-4k-solar-camera/
A-needs-verdict-only,google-nest-cam-outdoor-or-indoor-battery,"Google Nest Cam (Outdoor or Indoor, Battery)",security-and-cameras,555,THIN,no pros/cons; 30/30 reviews from sources not allowed,https://nxtsmarthome.com.au/products/google-nest-cam-outdoor-or-indoor-battery/
A-needs-verdict-only,eufy-eufycam-2c-pro-2k-wireless-security-system,eufy eufyCam 2C Pro 2K Wireless Security System,security-and-cameras,545,THIN,no pros/cons; 30/30 reviews from sources not allowed,https://nxtsmarthome.com.au/products/eufy-eufycam-2c-pro-2k-wireless-security-system/
A-needs-verdict-only,ring-floodlight-cam-plus-wired,Ring Floodlight Cam Plus Wired,security-and-cameras,542,THIN,"no pros/cons; 9/30 reviews from sources not allowed; reviews block shown (21, with score)",https://nxtsmarthome.com.au/products/ring-floodlight-cam-plus-wired/
A-needs-verdict-only,ring-spotlight-cam-pro-battery,Ring Spotlight Cam Pro Battery,security-and-cameras,539,THIN,no pros/cons; 25/30 reviews from sources not allowed; reviews block shown (5),https://nxtsmarthome.com.au/products/ring-spotlight-cam-pro-battery/
A-needs-verdict-only,eufy-video-doorbell-e340-dual-camera,eufy Video Doorbell E340 Dual Camera,security-and-cameras,533,THIN,"no pros/cons; 1/30 reviews from sources not allowed; reviews block shown (29, with score)",https://nxtsmarthome.com.au/products/eufy-video-doorbell-e340-dual-camera/
A-needs-verdict-only,ring-video-doorbell-2nd-gen,Ring Video Doorbell (2nd Gen),security-and-cameras,514,THIN,no pros/cons; 25/30 reviews from sources not allowed; reviews block shown (5),https://nxtsmarthome.com.au/products/ring-video-doorbell-2nd-gen/
A-needs-verdict-only,yale-assure-lock-sl-key-free-deadbolt,Yale Assure Lock SL Key-Free Deadbolt,smart-door-locks,491,THIN,no pros/cons,https://nxtsmarthome.com.au/products/yale-assure-lock-sl-key-free-deadbolt/
A-needs-verdict-only,august-wi-fi-smart-lock-4th-gen,August Wi-Fi Smart Lock (4th Gen),smart-door-locks,473,THIN,no pros/cons; 30/30 reviews from sources not allowed,https://nxtsmarthome.com.au/products/august-wi-fi-smart-lock-4th-gen/
B-needs-writing,tuya-wifi-temperature-humidity-sensor-indoor-hygrometer-thermometer-detector-sma,Tuya Wifi Temperature Humidity Sensor Indoor Hygrometer Thermometer Detector Smart Life,climate-and-comfort,153,THIN,no pros/cons,https://nxtsmarthome.com.au/products/tuya-wifi-temperature-humidity-sensor-indoor-hygrometer-thermometer-detector-sma/
B-needs-writing,sensibo-sky-smart-air-conditioner-controller,Sensibo Sky Smart Air Conditioner Controller,climate-and-comfort,150,THIN,no pros/cons; 17/17 reviews from sources not allowed,https://nxtsmarthome.com.au/products/sensibo-sky-smart-air-conditioner-controller/
B-needs-writing,sensibo-air-pro-smart-ac-controller-with-air-quality,Sensibo Air PRO Smart AC Controller with Air Quality,climate-and-comfort,146,THIN,no pros/cons; 5/5 reviews from sources not allowed,https://nxtsmarthome.com.au/products/sensibo-air-pro-smart-ac-controller-with-air-quality/
B-needs-writing,tuya-smart-wifi-ir-air-conditioner-controller-thermostat,Tuya Smart Wifi IR Air Conditioner Controller Thermostat,climate-and-comfort,145,THIN,no pros/cons,https://nxtsmarthome.com.au/products/tuya-smart-wifi-ir-air-conditioner-controller-thermostat/
B-needs-writing,google-nest-learning-thermostat-e-3rd-generation,Google Nest Learning Thermostat E 3rd Generation,climate-and-comfort,143,THIN,no pros/cons,https://nxtsmarthome.com.au/products/google-nest-learning-thermostat-e-3rd-generation/
B-needs-writing,sensibo-elements-indoor-air-quality-monitor,Sensibo Elements Indoor Air Quality Monitor,climate-and-comfort,142,THIN,no pros/cons; 5/5 reviews from sources not allowed,https://nxtsmarthome.com.au/products/sensibo-elements-indoor-air-quality-monitor/
B-needs-writing,netatmo-smart-thermostat,Netatmo Smart Thermostat,climate-and-comfort,142,THIN,no pros/cons; 15/15 reviews from sources not allowed,https://nxtsmarthome.com.au/products/netatmo-smart-thermostat/
B-needs-writing,xiaomi-smart-air-purifier-6,Xiaomi Smart Air Purifier 6,climate-and-comfort,142,THIN,no pros/cons,https://nxtsmarthome.com.au/products/xiaomi-smart-air-purifier-6/
B-needs-writing,philips-pureprotect-2200-series-smart-air-purifier,Philips PureProtect 2200 Series Smart Air Purifier,climate-and-comfort,67,THIN,no pros/cons,https://nxtsmarthome.com.au/products/philips-pureprotect-2200-series-smart-air-purifier/
B-needs-writing,smartmi-air-purifier-c1,Smartmi Air Purifier C1,climate-and-comfort,64,THIN,no pros/cons,https://nxtsmarthome.com.au/products/smartmi-air-purifier-c1/
B-needs-writing,smart-air-purifier,Smart Air Purifier,climate-and-comfort,61,THIN,no pros/cons,https://nxtsmarthome.com.au/products/smart-air-purifier/
B-needs-writing,arovec-air-purifier-smart-true-hepa,AROVEC Air Purifier Smart True HEPA,climate-and-comfort,59,THIN,no pros/cons,https://nxtsmarthome.com.au/products/arovec-air-purifier-smart-true-hepa/
B-needs-writing,dyson-purifier-hot-cool-formaldehyde-hp09,Dyson Purifier Hot+Cool Formaldehyde (HP09),climate-and-comfort,54,THIN,no pros/cons,https://nxtsmarthome.com.au/products/dyson-purifier-hot-cool-formaldehyde-hp09/
B-needs-writing,kogan-smarterhome-zigbee-temperature-and-humidity-sensor,Kogan SmarterHome Zigbee Temperature and Humidity Sensor,climate-and-comfort,52,THIN,no pros/cons,https://nxtsmarthome.com.au/products/kogan-smarterhome-zigbee-temperature-and-humidity-sensor/
B-needs-writing,powerboard-10in1-surge-protection-smart-usb-c-power-board,Powerboard 10in1 Surge Protection Smart USB C Power Board,energy-and-solar,152,THIN,no pros/cons,https://nxtsmarthome.com.au/products/powerboard-10in1-surge-protection-smart-usb-c-power-board/
B-needs-writing,iammeter-wem3050t-wifi-energy-meter,IAMMETER WEM3050T WiFi Energy Meter,energy-and-solar,143,THIN,no pros/cons,https://nxtsmarthome.com.au/products/iammeter-wem3050t-wifi-energy-meter/
B-needs-writing,switchbot-smart-plug-mini-au,SwitchBot Smart Plug Mini AU,energy-and-solar,142,THIN,no pros/cons; 3/21 reviews from sources not allowed; reviews block shown (18),https://nxtsmarthome.com.au/products/switchbot-smart-plug-mini-au/
B-needs-writing,tuya-zigbee-smart-circuit-breaker,TUYA ZigBee Smart Circuit Breaker,energy-and-solar,139,THIN,no pros/cons,https://nxtsmarthome.com.au/products/tuya-zigbee-smart-circuit-breaker/
B-needs-writing,tuya-smart-circuit-breaker,Tuya Smart Circuit Breaker,energy-and-solar,138,THIN,no pros/cons,https://nxtsmarthome.com.au/products/tuya-smart-circuit-breaker/
B-needs-writing,smart-mirabella-genio-wi-fi-powerboard,Smart Mirabella Genio Wi-Fi Powerboard,energy-and-solar,138,THIN,no pros/cons,https://nxtsmarthome.com.au/products/smart-mirabella-genio-wi-fi-powerboard/
B-needs-writing,meross-smart-wi-fi-plug-mini-au-mss210,Meross Smart Wi-Fi Plug Mini AU (MSS210),energy-and-solar,137,THIN,no pros/cons,https://nxtsmarthome.com.au/products/meross-smart-wi-fi-plug-mini-au-mss210/
B-needs-writing,arlec-grid-connect-smart-4-outlet-powerboard-with-usb-a-and-c-charger,Arlec Grid Connect Smart 4 Outlet Powerboard With USB A And C Charger,energy-and-solar,70,THIN,no pros/cons,https://nxtsmarthome.com.au/products/arlec-grid-connect-smart-4-outlet-powerboard-with-usb-a-and-c-charger/
B-needs-writing,millers-falls-portable-power-station-400w,Millers Falls Portable Power Station 400w,energy-and-solar,62,THIN,no pros/cons,https://nxtsmarthome.com.au/products/millers-falls-portable-power-station-400w/
B-needs-writing,bluetti-ac2a-portable-power-station,BLUETTI ac2a Portable Power Station,energy-and-solar,51,THIN,no pros/cons,https://nxtsmarthome.com.au/products/bluetti-ac2a-portable-power-station/
B-needs-writing,avantree-harmony-2-multi-room-wireless-speaker-system,Avantree Harmony 2 Multi-Room Wireless Speaker System,entertainment-and-audio,148,THIN,no pros/cons,https://nxtsmarthome.com.au/products/avantree-harmony-2-multi-room-wireless-speaker-system/
B-needs-writing,sonos-arc-premium-smart-soundbar,Sonos Arc Premium Smart Soundbar,entertainment-and-audio,144,THIN,no pros/cons,https://nxtsmarthome.com.au/products/sonos-arc-premium-smart-soundbar/
B-needs-writing,google-premium-audio-speaker,Google Premium Audio Speaker,entertainment-and-audio,127,THIN,no pros/cons,https://nxtsmarthome.com.au/products/google-premium-audio-speaker/
B-needs-writing,lg-32-stanbyme-2-max-portable-smart-touch-screen,"LG 32"" StanbyME 2 Max Portable Smart Touch Screen",entertainment-and-audio,66,THIN,no pros/cons,https://nxtsmarthome.com.au/products/lg-32-stanbyme-2-max-portable-smart-touch-screen/
B-needs-writing,kogan-4k-google-tv-dongle,Kogan 4K Google TV Dongle,entertainment-and-audio,62,THIN,no pros/cons,https://nxtsmarthome.com.au/products/kogan-4k-google-tv-dongle/
B-needs-writing,google-tv-streamer-4k,Google TV Streamer 4K,entertainment-and-audio,60,THIN,no pros/cons,https://nxtsmarthome.com.au/products/google-tv-streamer-4k/
B-needs-writing,eufy-all-in-one-smart-display-e10,eufy All in One Smart Display E10,entertainment-and-audio,60,THIN,no pros/cons,https://nxtsmarthome.com.au/products/eufy-all-in-one-smart-display-e10/
B-needs-writing,tcl-2-1-ch-soundbar-with-wireless-subwoofer-s55h,TCL 2.1 Ch Soundbar with Wireless Subwoofer s55h,entertainment-and-audio,60,THIN,no pros/cons,https://nxtsmarthome.com.au/products/tcl-2-1-ch-soundbar-with-wireless-subwoofer-s55h/
B-needs-writing,samsung-hw-b400f-b-series-2-0ch-soundbar,Samsung HW-B400F B-Series 2.0ch Soundbar,entertainment-and-audio,53,THIN,no pros/cons,https://nxtsmarthome.com.au/products/samsung-hw-b400f-b-series-2-0ch-soundbar/
B-needs-writing,yamaha-musiccast-20-wireless-speaker,Yamaha MusicCast 20 Wireless Speaker,entertainment-and-audio,51,THIN,no pros/cons,https://nxtsmarthome.com.au/products/yamaha-musiccast-20-wireless-speaker/
B-needs-writing,englaon-anywhere-32-4k-uhd-touch-screen,"ENGLAON ANYWHERE 32"" 4K UHD Touch Screen",entertainment-and-audio,50,THIN,no pros/cons,https://nxtsmarthome.com.au/products/englaon-anywhere-32-4k-uhd-touch-screen/
B-needs-writing,atlantic-cozytouch-v2-bridge-box-home-automation-connection-for-cozytouch-applic,Atlantic cozytouch V2 Bridge box home automation connection for cozytouch application,hubs-and-platforms,162,THIN,no pros/cons,https://nxtsmarthome.com.au/products/atlantic-cozytouch-v2-bridge-box-home-automation-connection-for-cozytouch-applic/
B-needs-writing,tuya-zigbee-matter-thread-gateway-smart-home-bridge-matter-hub,Tuya Zigbee Matter Thread Gateway Smart Home Bridge Matter Hub,hubs-and-platforms,156,THIN,no pros/cons,https://nxtsmarthome.com.au/products/tuya-zigbee-matter-thread-gateway-smart-home-bridge-matter-hub/
B-needs-writing,samsung-smartthings-station-with-15w-wireless-charger,Samsung SmartThings Station with 15W Wireless Charger,hubs-and-platforms,149,THIN,no pros/cons; 30/30 reviews from sources not allowed,https://nxtsmarthome.com.au/products/samsung-smartthings-station-with-15w-wireless-charger/
B-needs-writing,zemismart-matter-zigbee-thread-smart-home-hub,Zemismart Matter Zigbee Thread Smart Home Hub,hubs-and-platforms,148,THIN,no pros/cons,https://nxtsmarthome.com.au/products/zemismart-matter-zigbee-thread-smart-home-hub/
B-needs-writing,wifi-rf-bridge-smart-home-automation-module,WiFi+RF Bridge Smart Home Automation Module,hubs-and-platforms,147,THIN,no pros/cons,https://nxtsmarthome.com.au/products/wifi-rf-bridge-smart-home-automation-module/
B-needs-writing,go-smart-bridge-home-automation-hub,Go Smart Bridge Home Automation Hub,hubs-and-platforms,147,THIN,no pros/cons,https://nxtsmarthome.com.au/products/go-smart-bridge-home-automation-hub/
B-needs-writing,aqara-hub-m3-matter-zigbee-coordinator,Aqara Hub M3 Matter & Zigbee Coordinator,hubs-and-platforms,145,THIN,no pros/cons; 9/9 reviews from sources not allowed,https://nxtsmarthome.com.au/products/aqara-hub-m3-matter-zigbee-coordinator/
B-needs-writing,3-5-inch-smart-home-control-panel,3.5 Inch Smart Home Control Panel,hubs-and-platforms,129,THIN,no pros/cons,https://nxtsmarthome.com.au/products/3-5-inch-smart-home-control-panel/
B-needs-writing,aqara-hub-m100,Aqara Hub M100,hubs-and-platforms,69,THIN,no pros/cons,https://nxtsmarthome.com.au/products/aqara-hub-m100/
B-needs-writing,philips-hue-play-light-bar-2-pack,Philips Hue Play Light Bar (2-Pack),lighting,149,THIN,no pros/cons,https://nxtsmarthome.com.au/products/philips-hue-play-light-bar-2-pack/
B-needs-writing,aqara-smart-light-switch-h1-eu-no-neutral,Aqara Smart Light Switch H1 EU (No Neutral),lighting,146,THIN,no pros/cons; 21/21 reviews from sources not allowed,https://nxtsmarthome.com.au/products/aqara-smart-light-switch-h1-eu-no-neutral/
B-needs-writing,tp-link-tapo-l530e-smart-wi-fi-multicolour-bulb,TP-Link Tapo l530e Smart Wi-Fi Multicolour Bulb,lighting,79,THIN,no pros/cons,https://nxtsmarthome.com.au/products/tp-link-tapo-l530e-smart-wi-fi-multicolour-bulb/
B-needs-writing,arlec-grid-connect-smart-strip-light-with-razer-chroma-rgb,Arlec Grid Connect Smart Strip Light With Razer Chroma RGB,lighting,66,THIN,no pros/cons,https://nxtsmarthome.com.au/products/arlec-grid-connect-smart-strip-light-with-razer-chroma-rgb/
B-needs-writing,arlec-9w-92mm-grid-connect-smart-rgb-cct-led-downlight,Arlec 9W 92mm Grid Connect Smart RGB+CCT LED Downlight,lighting,64,THIN,no pros/cons,https://nxtsmarthome.com.au/products/arlec-9w-92mm-grid-connect-smart-rgb-cct-led-downlight/
B-needs-writing,wiz-colour-a60-e27-smart-bulb,WiZ Colour A60 E27 Smart Bulb,lighting,62,THIN,no pros/cons,https://nxtsmarthome.com.au/products/wiz-colour-a60-e27-smart-bulb/
B-needs-writing,mirabella-genio-3m-wi-fi-led-strip-light,Mirabella Genio 3m Wi-Fi LED Strip Light,lighting,61,THIN,no pros/cons,https://nxtsmarthome.com.au/products/mirabella-genio-3m-wi-fi-led-strip-light/
B-needs-writing,tp-link-tapo-b22-multicolour-bulb,TP-Link Tapo B22 Multicolour Bulb,lighting,56,THIN,no pros/cons,https://nxtsmarthome.com.au/products/tp-link-tapo-b22-multicolour-bulb/
B-needs-writing,ecovacs-deebot-x8-pro-omni-robotic-vacuum-cleaner,Ecovacs Deebot X8 Pro Omni Robotic Vacuum Cleaner,robot-vacuums,76,THIN,no pros/cons,https://nxtsmarthome.com.au/products/ecovacs-deebot-x8-pro-omni-robotic-vacuum-cleaner/
B-needs-writing,ecovacs-deebot-t80s-omni-robot-vacuum-mop,Ecovacs Deebot T80S Omni Robot Vacuum & Mop,robot-vacuums,75,THIN,no pros/cons,https://nxtsmarthome.com.au/products/ecovacs-deebot-t80s-omni-robot-vacuum-mop/
B-needs-writing,irobot-roomba-max-705-combo-x185000,iRobot Roomba Max 705 Combo X185000,robot-vacuums,70,THIN,no pros/cons,https://nxtsmarthome.com.au/products/irobot-roomba-max-705-combo-x185000/
B-needs-writing,dyson-spot-scrub-ai-robot-vacuum,Dyson Spot+Scrub Ai Robot Vacuum,robot-vacuums,69,THIN,no pros/cons,https://nxtsmarthome.com.au/products/dyson-spot-scrub-ai-robot-vacuum/
B-needs-writing,dreame-aqua10-ultra-roller-robot-vacuum-cleaner,Dreame Aqua10 Ultra Roller Robot Vacuum Cleaner,robot-vacuums,68,THIN,no pros/cons,https://nxtsmarthome.com.au/products/dreame-aqua10-ultra-roller-robot-vacuum-cleaner/
B-needs-writing,roborock-qrevo-edge-c-vacuum-cleaner,Roborock Qrevo Edge C Vacuum Cleaner,robot-vacuums,68,THIN,no pros/cons,https://nxtsmarthome.com.au/products/roborock-qrevo-edge-c-vacuum-cleaner/
B-needs-writing,dreame-l50-ultra-robot-vacuum-cleaner,Dreame L50 Ultra Robot Vacuum Cleaner,robot-vacuums,67,THIN,no pros/cons,https://nxtsmarthome.com.au/products/dreame-l50-ultra-robot-vacuum-cleaner/
B-needs-writing,electrolux-ultimatehome-700-robotic-vacuum-mop,Electrolux UltimateHome 700 Robotic Vacuum & Mop,robot-vacuums,66,THIN,no pros/cons,https://nxtsmarthome.com.au/products/electrolux-ultimatehome-700-robotic-vacuum-mop/
B-needs-writing,eufy-clean-robovac-vacuum-l60-ses-t2278t11,Eufy Clean Robovac Vacuum L60 SES t2278t11,robot-vacuums,66,THIN,no pros/cons,https://nxtsmarthome.com.au/products/eufy-clean-robovac-vacuum-l60-ses-t2278t11/
B-needs-writing,irobot-roomba-e5-robot-vacuum,iRobot Roomba E5 Robot Vacuum,robot-vacuums,65,THIN,no pros/cons,https://nxtsmarthome.com.au/products/irobot-roomba-e5-robot-vacuum/
B-needs-writing,dreame-l40-plus-robot-vacuum-and-mop,Dreame L40 Plus Robot Vacuum and Mop,robot-vacuums,63,THIN,no pros/cons,https://nxtsmarthome.com.au/products/dreame-l40-plus-robot-vacuum-and-mop/
B-needs-writing,dreame-x60-ultra-robot-vacuum-cleaner,Dreame X60 Ultra Robot Vacuum Cleaner,robot-vacuums,63,THIN,no pros/cons,https://nxtsmarthome.com.au/products/dreame-x60-ultra-robot-vacuum-cleaner/
B-needs-writing,roborock-qrevo-master-robot-vacuum,Roborock Qrevo Master Robot Vacuum,robot-vacuums,60,THIN,no pros/cons; 21/21 reviews from sources not allowed,https://nxtsmarthome.com.au/products/roborock-qrevo-master-robot-vacuum/
B-needs-writing,roborock-qrevo-l-pro-robot-vacuum-and-mop,Roborock Qrevo L Pro Robot Vacuum and Mop,robot-vacuums,59,THIN,no pros/cons,https://nxtsmarthome.com.au/products/roborock-qrevo-l-pro-robot-vacuum-and-mop/
B-needs-writing,dreame-matrix10-ultra-robot-vacuum-cleaner,Dreame Matrix10 Ultra Robot Vacuum Cleaner,robot-vacuums,58,THIN,no pros/cons,https://nxtsmarthome.com.au/products/dreame-matrix10-ultra-robot-vacuum-cleaner/
B-needs-writing,devanti-robot-vacuum-and-mop-self-empty-app-control-6000pa-lds-laser-3in1,DEVANTI Robot Vacuum and Mop Self-Empty APP Control 6000Pa LDS Laser 3in1,robot-vacuums,56,THIN,no pros/cons,https://nxtsmarthome.com.au/products/devanti-robot-vacuum-and-mop-self-empty-app-control-6000pa-lds-laser-3in1/
B-needs-writing,eufy-security-solar-wall-light-cam-s120,Eufy Security Solar Wall Light Cam S120,security-and-cameras,73,THIN,no pros/cons,https://nxtsmarthome.com.au/products/eufy-security-solar-wall-light-cam-s120/
B-needs-writing,swann-xtreem4k-eco-wireless-security-camera-with-solar-panel,Swann Xtreem4K Eco Wireless Security Camera with Solar Panel,security-and-cameras,65,THIN,no pros/cons,https://nxtsmarthome.com.au/products/swann-xtreem4k-eco-wireless-security-camera-with-solar-panel/
B-needs-writing,swann-evo-wireless-2k-security-camera-solar,Swann EVO Wireless 2K Security Camera Solar,security-and-cameras,65,THIN,no pros/cons,https://nxtsmarthome.com.au/products/swann-evo-wireless-2k-security-camera-solar/
B-needs-writing,philips-2k-dual-cam-video-doorbell-dda270x-2txs3,Philips 2K Dual-Cam Video Doorbell DDA270X-2TXS3,security-and-cameras,65,THIN,no pros/cons,https://nxtsmarthome.com.au/products/philips-2k-dual-cam-video-doorbell-dda270x-2txs3/
B-needs-writing,tp-link-2k-tapo-smart-video-doorbell-mini,TP Link 2K Tapo Smart Video Doorbell Mini,security-and-cameras,64,THIN,no pros/cons,https://nxtsmarthome.com.au/products/tp-link-2k-tapo-smart-video-doorbell-mini/
B-needs-writing,ring-alarm-5-piece-security-kit-2nd-gen,Ring Alarm 5-Piece Security Kit (2nd Gen),security-and-cameras,63,THIN,no pros/cons,https://nxtsmarthome.com.au/products/ring-alarm-5-piece-security-kit-2nd-gen/
B-needs-writing,tp-link-tapo-c500-outdoor-pan-tilt-security-wifi-camera,TP-Link Tapo C500 Outdoor Pan/Tilt Security WiFi Camera,security-and-cameras,63,THIN,no pros/cons,https://nxtsmarthome.com.au/products/tp-link-tapo-c500-outdoor-pan-tilt-security-wifi-camera/
B-needs-writing,ring-wired-video-doorbell-2k-plug-in,Ring Wired Video Doorbell 2K Plug-In,security-and-cameras,61,THIN,no pros/cons,https://nxtsmarthome.com.au/products/ring-wired-video-doorbell-2k-plug-in/
B-needs-writing,connect-smarthome-2k-outdoor-camera-with-solar-panel,Connect SmartHome 2K Outdoor Camera with solar panel,security-and-cameras,60,THIN,no pros/cons,https://nxtsmarthome.com.au/products/connect-smarthome-2k-outdoor-camera-with-solar-panel/
B-needs-writing,tp-link-tapo-2k-3mp-solar-powered-security-camera-kit,TP Link Tapo 2K 3MP Solar-Powered Security Camera Kit,security-and-cameras,59,THIN,no pros/cons,https://nxtsmarthome.com.au/products/tp-link-tapo-2k-3mp-solar-powered-security-camera-kit/
B-needs-writing,connect-smarthome-2k-outdoor-camera-4-pack,Connect SmartHome 2K Outdoor Camera 4 Pack,security-and-cameras,59,THIN,no pros/cons,https://nxtsmarthome.com.au/products/connect-smarthome-2k-outdoor-camera-4-pack/
B-needs-writing,tp-link-tapo-d210-2k-video-doorbell-camera,TP-Link Tapo D210 2K Video Doorbell Camera,security-and-cameras,58,THIN,no pros/cons,https://nxtsmarthome.com.au/products/tp-link-tapo-d210-2k-video-doorbell-camera/
B-needs-writing,tp-link-tapo-2k-solar-powered-pan-tilt-security-camera-kit,TP Link Tapo 2K Solar-Powered Pan/Tilt Security Camera Kit,security-and-cameras,54,THIN,no pros/cons,https://nxtsmarthome.com.au/products/tp-link-tapo-2k-solar-powered-pan-tilt-security-camera-kit/
B-needs-writing,eufy-eufycam-3-s380-4k-solar-security-camera,eufy eufyCam 3 (S380) 4K Solar Security Camera,security-and-cameras,52,THIN,no pros/cons,https://nxtsmarthome.com.au/products/eufy-eufycam-3-s380-4k-solar-security-camera/
B-needs-writing,eufy-smart-lock-c220-with-wi-fi,eufy Smart Lock C220 with Wi-Fi,smart-door-locks,137,THIN,"no pros/cons; 7/30 reviews from sources not allowed; reviews block shown (23, with score)",https://nxtsmarthome.com.au/products/eufy-smart-lock-c220-with-wi-fi/
B-needs-writing,aqara-a100-smart-door-lock,Aqara A100 Smart Door Lock,smart-door-locks,64,THIN,no pros/cons,https://nxtsmarthome.com.au/products/aqara-a100-smart-door-lock/
B-needs-writing,eufy-security-smart-lock-touch-wifi,Eufy Security Smart Lock Touch & WiFi,smart-door-locks,61,THIN,no pros/cons,https://nxtsmarthome.com.au/products/eufy-security-smart-lock-touch-wifi/
B-needs-writing,aqara-smart-lock-u100-apple-homekey,Aqara Smart Lock U100 Apple HomeKey,smart-door-locks,55,THIN,no pros/cons; 30/30 reviews from sources not allowed,https://nxtsmarthome.com.au/products/aqara-smart-lock-u100-apple-homekey/
C-empty,smart-thermostat-temperature-controller,Smart Thermostat Temperature Controller,climate-and-comfort,22,THIN - EMPTY,no bestFor; no pros/cons,https://nxtsmarthome.com.au/products/smart-thermostat-temperature-controller/
C-empty,smart-power-strip-with-6-outlets,Smart Power Strip with 6 Outlets,energy-and-solar,23,THIN - EMPTY,no bestFor; no pros/cons,https://nxtsmarthome.com.au/products/smart-power-strip-with-6-outlets/
C-empty,rf-bridge,RF Bridge,hubs-and-platforms,30,THIN - EMPTY,no bestFor; no pros/cons,https://nxtsmarthome.com.au/products/rf-bridge/
C-empty,tuya-smart-home-bridge,Tuya Smart Home Bridge,hubs-and-platforms,28,THIN - EMPTY,no bestFor; no pros/cons,https://nxtsmarthome.com.au/products/tuya-smart-home-bridge/
C-empty,lifx-color-smart-bulb-b22,LIFX Color Smart Bulb B22,lighting,31,THIN - EMPTY,no pros/cons,https://nxtsmarthome.com.au/products/lifx-color-smart-bulb-b22/
C-empty,50-bulb-wifi-smart-outdoor-festoon-lights,50 Bulb Wifi Smart Outdoor Festoon Lights,lighting,0,THIN - EMPTY,no bestFor; no pros/cons,https://nxtsmarthome.com.au/products/50-bulb-wifi-smart-outdoor-festoon-lights/
C-empty,tp-link-tapo-c520ws-outdoor-pan-tilt-security-camera,TP-Link Tapo C520WS Outdoor Pan/Tilt Security Camera,security-and-cameras,32,THIN - EMPTY,no pros/cons; 30/30 reviews from sources not allowed,https://nxtsmarthome.com.au/products/tp-link-tapo-c520ws-outdoor-pan-tilt-security-camera/
