slug,status,words,sources,cost_usd,problems
aqara-temperature-and-humidity-sensor-t1,REVIEW,521,0,0.0140,"1 [VERIFY] to resolve; no search sources"
levoit-core-600s-smart-air-purifier,PASS,516,11,0.0202,""
dyson-purifier-cool-autoreact-tp07,REVIEW,540,11,0.0292,"1 [VERIFY] to resolve"
breville-smart-air-viral-protect-night-glow-purifier,REVIEW,536,0,0.0165,"no search sources"
google-nest-smart-thermostat,REVIEW,507,0,0.0134,"2 [VERIFY] to resolve; no search sources"
levoit-core-400s-air-purifier,REVIEW,541,0,0.0172,"no search sources"
tado-smart-ac-control-v3,ERROR,,,,"Unexpected token '.', ...'
  'pros':.',
    'U'... is not valid JSON"
philips-pureprotect-mini-900-series-smart-air-purifier,REVIEW,503,0,0.0152,"no search sources"
breville-easy-air-connect-purifier,REVIEW,511,0,0.0196,"no search sources"
ecobee-smart-thermostat-premium,REVIEW,510,0,0.0265,"1 [VERIFY] to resolve; no search sources"
bing-lee-smart-air-conditioner-wifi-controller,REVIEW,498,0,0.0282,"1 [VERIFY] to resolve; no search sources"
bosch-ii-smart-thermostat,REVIEW,503,0,0.0134,"1 [VERIFY] to resolve; no search sources"
airversa-smart-air-purifier-matter-over-thread,REVIEW,482,0,0.0154,"no search sources"
ecobee-smartsensor-2-pack,REVIEW,558,0,0.0188,"1 [VERIFY] to resolve; no search sources"
levoit-core-300s-smart-air-purifier,REVIEW,526,0,0.0135,"no search sources"
sensibo-air-smart-air-conditioner-controller,REVIEW,502,0,0.0141,"2 [VERIFY] to resolve; no search sources"
switchbot-hub-2-matter-ir-ac-controller,ERROR,,,,"Unexpected token '.', ...'
  'pros':.',
    'E'... is not valid JSON"
shark-neverchange5-air-purifier,ERROR,,,,"Unexpected token '.', ...'
  'pros':.',
    'C'... is not valid JSON"
aircon-off-universal-air-conditioner-smart-remote,REVIEW,499,9,0.0130,"1 [VERIFY] to resolve"
tp-link-tapo-p300-smart-wi-fi-power-strip,REVIEW,509,0,0.0124,"1 [VERIFY] to resolve; no search sources"
tp-link-tapo-smart-wi-fi-power-strip,REVIEW,539,0,0.0203,"1 [VERIFY] to resolve; no search sources"
shelly-pro-4pm-4-channel-din-rail-relay,ERROR,,,,"Bad control character in string literal in JSON at position 734 (line 10 column 12)"
bluetti-ac180p-portable-power-station,REVIEW,503,0,0.0157,"1 [VERIFY] to resolve; no search sources"
tp-link-tapo-p110m-mini-smart-wi-fi-plug,REVIEW,512,0,0.0264,"1 [VERIFY] to resolve; no search sources"
netatmo-smart-weather-station,REVIEW,510,0,0.0141,"no search sources"
eve-energy-smart-plug-matter-over-thread,REVIEW,515,0,0.0170,"1 [VERIFY] to resolve; no search sources"
philips-hue-smart-plug,PASS,509,9,0.0117,""
tapo-p110-smart-energy-monitoring,REVIEW,510,0,0.0158,"1 [VERIFY] to resolve; no search sources"
wiz-smart-plug,REVIEW,510,8,0.0177,"1 [VERIFY] to resolve"
anker-solix-c1000-portable-power-station,REVIEW,475,0,0.0120,"1 [VERIFY] to resolve; no search sources"
powersensor-energy-and-solar-monitoring-solution,REVIEW,503,0,0.0137,"1 [VERIFY] to resolve; no search sources"
fibaro-wall-plug-z-wave-plus-au-plug,REVIEW,509,0,0.0218,"US spelling: 'Center'; 1 [VERIFY] to resolve; no search sources"
eufy-e10-smart-display,ERROR,,,,"Unexpected token '.', ...'
  'pros':.',
    'I'... is not valid JSON"
sonos-era-100-smart-speaker,REVIEW,505,0,0.0140,"hype: 'seamlessly'; no search sources"
ecoflow-delta-2-portable-power-station-1024wh,REVIEW,529,0,0.0270,"1 [VERIFY] to resolve; no search sources"
amazon-echo-4th-gen-smart-speaker,REVIEW,539,0,0.0165,"1 [VERIFY] to resolve; no search sources"
lg-stanbyme-2-27-portable-smart-touch-screen-tv,REVIEW,499,6,0.0171,"1 [VERIFY] to resolve"
amazon-echo-show-10-3rd-gen-hd-display,REVIEW,540,0,0.0155,"1 [VERIFY] to resolve; no search sources"
google-nest-hub-2nd-gen-smart-display,REVIEW,487,0,0.0244,"1 [VERIFY] to resolve; no search sources"
nvidia-shield-tv-pro-4k-hdr-streaming-media-player,REVIEW,490,0,0.0132,"no search sources"
sonos-era-300-spatial-audio-speaker,REVIEW,517,0,0.0108,"no search sources"
bose-lifestyle-ultra-speaker,PASS,504,8,0.0173,""
sonos-sub-mini-wireless-subwoofer,REVIEW,545,0,0.0208,"no search sources"
amazon-echo-dot-5th-gen-smart-speaker,REVIEW,451,0,0.0122,"no search sources"
sonos-beam-gen-2-compact-smart-soundbar,REVIEW,542,0,0.0260,"no search sources"
sony-hts100f-soundbar,REVIEW,540,0,0.0203,"1 [VERIFY] to resolve; no search sources"
sonos-move-2-portable-smart-speaker,PASS,501,10,0.0199,""
hisense-hs2100-2-1ch-soundbar,REVIEW,489,0,0.0109,"1 [VERIFY] to resolve; no search sources"
google-nest-audio-smart-speaker,REVIEW,525,10,0.0132,"1 [VERIFY] to resolve"
sonos-ray-soundbar,PASS,508,11,0.0367,""
jbl-cinema-sb510-3-1-channel-soundbar,REVIEW,525,6,0.0133,"1 [VERIFY] to resolve"
anko-pro-home-soundbar,PASS,481,2,0.0138,""
blaupunkt-bptv10-android-tv-streaming-device,PASS,518,7,0.0190,""
samsung-music-studio-5-speaker,REVIEW,443,0,0.0205,"no search sources"
jbl-authentics-200-smart-home-speaker,REVIEW,457,0,0.0269,"no search sources"
samsung-music-studio-7-wifi-bluetooth-wireless-speaker,REVIEW,478,0,0.0133,"no search sources"
sonos-era-100-sl,ERROR,,,,"Unexpected token '.', ...'
  'pros':.',
    'H'... is not valid JSON"
laser-digital-full-hd-media-player,PASS,530,9,0.0195,""
amazon-echo-dot-max-speaker,REVIEW,460,8,0.0275,"1 [VERIFY] to resolve"
aeotec-smart-home-hub-smartthings,REVIEW,492,0,0.0165,"1 [VERIFY] to resolve; no search sources"
amazon-echo-show-15-2nd-gen,REVIEW,505,8,0.0179,"2 [VERIFY] to resolve"
apple-homepod-mini,PASS,544,7,0.0199,""
homey-pro-2023-smart-home-hub,REVIEW,500,10,0.0170,"1 [VERIFY] to resolve"
homey-bridge-the-ultimate-home-automation-hub,ERROR,,,,"Unexpected token '.', ...'
  'pros':.',
    'W'... is not valid JSON"
amazon-echo-hub-8-smart-home-control-panel,ERROR,,,,"Unexpected token '.', ...'
  'pros':.',
    'A'... is not valid JSON"
philips-hue-bridge-v2,ERROR,,,,"Unexpected token '.', ...'
  'pros':.',
    'F'... is not valid JSON"
wiz-smart-colour-bulb-a60-b22,ERROR,,,,"Unexpected token '.', ...'
  'pros':.',
    'P'... is not valid JSON"
tapo-l530b-tp-link-smart-wi-fi-light-bulb,REVIEW,473,0,0.0178,"2 [VERIFY] to resolve; no search sources"
govee-wi-fi-bluetooth-smart-light-bulb-e27,ERROR,,,,"Unexpected token '.', ...'
  'cons':.',
    'G'... is not valid JSON"
philips-hue-lily-xl-outdoor-led-spot-light,ERROR,,,,"Unexpected token '.', ...'
  'cons':.',
    'T'... is not valid JSON"
philips-hue-akari-downlight,REVIEW,488,6,0.0138,"1 [VERIFY] to resolve"
govee-smart-light-bulb-b22,ERROR,,,,"Unexpected token '.', ...'
  'pros':.',
    'C'... is not valid JSON"
govee-outdoor-spot-light-2-pack,REVIEW,535,0,0.0158,"1 [VERIFY] to resolve; no search sources"
nanoleaf-shapes-hexagons-starter-kit-9-panels,ERROR,,,,"Unexpected token '.', ...'
  'pros':.',
    'B'... is not valid JSON"
nanoleaf-essentials-smart-bulb-e27-2-pack,REVIEW,526,0,0.0134,"1 [VERIFY] to resolve; no search sources"
mirabella-genio-9w-led-wi-fi-dimmable-downlight,REVIEW,504,0,0.0142,"2 [VERIFY] to resolve; no search sources"
philips-hue-discover-outdoor-floodlight,REVIEW,550,0,0.0215,"1 [VERIFY] to resolve; no search sources"
tp-link-tapo-l530e-smart-wi-fi-light-bulb-e27,REVIEW,539,0,0.0169,"1 [VERIFY] to resolve; no search sources"
kogan-smarterhome-smart-touch-single-light-switch,REVIEW,513,0,0.0184,"2 [VERIFY] to resolve; no search sources"
philips-hue-white-color-ambiance-b22-bulb,ERROR,,,,"Unexpected token '.', ...'
  'pros':.',
    'D'... is not valid JSON"
philips-hue-outdoor-lily-spotlight-base-kit,REVIEW,536,0,0.0171,"2 [VERIFY] to resolve; no search sources"
govee-smart-colour-downlight,ERROR,,,,"Unexpected token '.', ...'
  'pros':.',
    'D'... is not valid JSON"
nanoleaf-essentials-matter-led-lightstrip-2m,ERROR,,,,"Unexpected token '.', ...'
  'pros':.',
    'P'... is not valid JSON"
nanoleaf-essentials-matter-smart-bulb-e27,ERROR,,,,"Unexpected token '.', ...'
  'pros':.',
    'T'... is not valid JSON"
lifx-clean-antibacterial-smart-bulb-e27,REVIEW,503,0,0.0181,"no search sources"
eufy-e22-permanent-outdoor-lights-15m,REVIEW,507,0,0.0271,"2 [VERIFY] to resolve; no search sources"
connect-smart-rgb-led-light-bulb-b22,REVIEW,453,0,0.0133,"1 [VERIFY] to resolve; no search sources"
philips-hue-lightstrip-plus-2m-base-v4,REVIEW,531,0,0.0220,"1 [VERIFY] to resolve; no search sources"
lifx-z-led-lightstrip-starter-kit-2m,REVIEW,502,0,0.0112,"2 [VERIFY] to resolve; no search sources"
philips-hue-white-color-ambiance-starter-kit-e27,REVIEW,529,11,0.0172,"1 [VERIFY] to resolve"
wiz-smart-led-color-downlight-90mm,REVIEW,537,0,0.0146,"2 [VERIFY] to resolve; no search sources"
tp-link-tapo-smart-wi-fi-light-strip,REVIEW,490,0,0.0131,"1 [VERIFY] to resolve; no search sources"
wiz-colour-smart-downlight,REVIEW,563,0,0.0119,"3 [VERIFY] to resolve; no search sources"
eufy-clean-x10-pro-omni-robot-vacuum,ERROR,,,,"Unexpected token '.', ...'
  'pros':.',
    'T'... is not valid JSON"
roborock-s8-maxv-ultra-robot-vacuum-and-mop,REVIEW,536,0,0.0132,"testing claim: 'hands-on'; 2 [VERIFY] to resolve; no search sources"
ecovacs-deebot-t30-pro-omni-robot-vacuum,PASS,542,7,0.0181,""
narwal-freo-x-ultra-robot-vacuum-mop,PASS,533,11,0.0148,""
xiaomi-robot-vacuum-x20-self-cleaning,REVIEW,570,0,0.0158,"1 [VERIFY] to resolve; no search sources"
irobot-roomba-combo-i5-robot-vacuum,ERROR,,,,"Unexpected token '.', ...'
  'pros':.',
    'U'... is not valid JSON"
dreame-l20-ultra-robot-vacuum-with-mopextend,ERROR,,,,"Unexpected token '.', ...'
  'pros':.',
    'B'... is not valid JSON"
dreame-x40-ultra-flagship-robot-vacuum,REVIEW,508,11,0.0282,"1 [VERIFY] to resolve"
eufy-security-solocam-s340-solar-pan-tilt,REVIEW,518,6,0.0184,"3 [VERIFY] to resolve"
aqara-doorbell-camera-g4-matter,REVIEW,557,9,0.0217,"3 [VERIFY] to resolve"
swann-max-4k-ultra-hd-security-system,ERROR,,,,"Unexpected token '.', ...'
  'pros':.',
    'U'... is not valid JSON"
irobot-roomba-combo-j9-robot-vacuum-mop,REVIEW,515,9,0.0355,"1 [VERIFY] to resolve"
ring-video-doorbell-pro-2,REVIEW,539,6,0.0151,"3 [VERIFY] to resolve"
ring-battery-doorbell-plus,REVIEW,518,12,0.0164,"3 [VERIFY] to resolve"
eufy-security-indoor-cam-s350-dual-lens,REVIEW,499,0,0.0120,"1 [VERIFY] to resolve; no search sources"
ring-stick-up-cam-battery,REVIEW,484,6,0.0136,"2 [VERIFY] to resolve"
reolink-video-doorbell-wifi-2k,REVIEW,502,0,0.0133,"3 [VERIFY] to resolve; no search sources"
ring-indoor-cam-2nd-gen,REVIEW,487,0,0.0122,"1 [VERIFY] to resolve; no search sources"
arlo-pro-5-2k-wireless-security-camera,REVIEW,507,12,0.0199,"2 [VERIFY] to resolve"
tp-link-tapo-d230s1-smart-video-doorbell,ERROR,,,,"Unexpected token '.', ...'
  'cons':.',
    'D'... is not valid JSON"
tp-link-tapo-c220-2k-pan-tilt-security-camera,REVIEW,532,0,0.0194,"1 [VERIFY] to resolve; no search sources"
google-nest-doorbell-battery,REVIEW,557,8,0.0168,"3 [VERIFY] to resolve"
arlo-essential-wireless-video-doorbell-2k,REVIEW,542,12,0.0138,"3 [VERIFY] to resolve"
google-nest-cam-outdoor-or-indoor-battery,REVIEW,567,0,0.0160,"2 [VERIFY] to resolve; no search sources"
reolink-argus-3-ultra-4k-solar-camera,REVIEW,506,8,0.0191,"2 [VERIFY] to resolve"
eufy-eufycam-2c-pro-2k-wireless-security-system,REVIEW,518,0,0.0158,"2 [VERIFY] to resolve; no search sources"
ring-floodlight-cam-plus-wired,ERROR,,,,"Unexpected token '.', ...'
  'pros':.',
    'P'... is not valid JSON"
ring-spotlight-cam-pro-battery,REVIEW,517,0,0.0132,"3 [VERIFY] to resolve; no search sources"
eufy-video-doorbell-e340-dual-camera,REVIEW,503,11,0.0128,"3 [VERIFY] to resolve"
august-wi-fi-smart-lock-4th-gen,REVIEW,506,0,0.0149,"2 [VERIFY] to resolve; no search sources"
yale-assure-lock-sl-key-free-deadbolt,ERROR,,,,"Unexpected token '.', ...'
  'pros':.',
    'R'... is not valid JSON"
ring-video-doorbell-2nd-gen,REVIEW,492,0,0.0310,"3 [VERIFY] to resolve; no search sources"
sensibo-sky-smart-air-conditioner-controller,ERROR,,,,"Unexpected token '.', ...'
  'pros':.',
    'I'... is not valid JSON"
tuya-wifi-temperature-humidity-sensor-indoor-hygrometer-thermometer-detector-sma,REVIEW,547,0,0.0191,"1 [VERIFY] to resolve; no search sources"
tuya-smart-wifi-ir-air-conditioner-controller-thermostat,REVIEW,534,0,0.0182,"2 [VERIFY] to resolve; no search sources"
sensibo-air-pro-smart-ac-controller-with-air-quality,REVIEW,481,0,0.0199,"2 [VERIFY] to resolve; no search sources"
sensibo-elements-indoor-air-quality-monitor,REVIEW,596,0,0.0226,"no search sources"
netatmo-smart-thermostat,REVIEW,548,8,0.0142,"2 [VERIFY] to resolve"
xiaomi-smart-air-purifier-6,REVIEW,517,10,0.0161,"1 [VERIFY] to resolve"
google-nest-learning-thermostat-e-3rd-generation,REVIEW,489,11,0.0307,"1 [VERIFY] to resolve"
philips-pureprotect-2200-series-smart-air-purifier,PASS,471,10,0.0108,""
smartmi-air-purifier-c1,REVIEW,513,0,0.0118,"no search sources"
smart-air-purifier,REVIEW,487,6,0.0167,"1 [VERIFY] to resolve"
kogan-smarterhome-zigbee-temperature-and-humidity-sensor,REVIEW,520,0,0.0151,"1 [VERIFY] to resolve; no search sources"
arovec-air-purifier-smart-true-hepa,PASS,528,6,0.0316,""
iammeter-wem3050t-wifi-energy-meter,ERROR,,,,"Unexpected token '.', ...'
  'pros':.',
    'I'... is not valid JSON"
powerboard-10in1-surge-protection-smart-usb-c-power-board,REVIEW,506,5,0.0168,"1 [VERIFY] to resolve"
dyson-purifier-hot-cool-formaldehyde-hp09,REVIEW,560,9,0.0349,"2 [VERIFY] to resolve"
tuya-smart-circuit-breaker,REVIEW,520,0,0.0173,"2 [VERIFY] to resolve; no search sources"
switchbot-smart-plug-mini-au,REVIEW,512,0,0.0228,"2 [VERIFY] to resolve; no search sources"
smart-mirabella-genio-wi-fi-powerboard,REVIEW,516,4,0.0175,"1 [VERIFY] to resolve"
tuya-zigbee-smart-circuit-breaker,REVIEW,506,9,0.0289,"3 [VERIFY] to resolve"
millers-falls-portable-power-station-400w,REVIEW,478,0,0.0148,"no search sources"
arlec-grid-connect-smart-4-outlet-powerboard-with-usb-a-and-c-charger,ERROR,,,,"Unexpected token '.', ...'
  'pros':.',
    'E'... is not valid JSON"
meross-smart-wi-fi-plug-mini-au-mss210,PASS,489,3,0.0210,""
avantree-harmony-2-multi-room-wireless-speaker-system,PASS,482,9,0.0107,""
bluetti-ac2a-portable-power-station,REVIEW,530,9,0.0202,"1 [VERIFY] to resolve"
sonos-arc-premium-smart-soundbar,REVIEW,517,9,0.0162,"1 [VERIFY] to resolve"
lg-32-stanbyme-2-max-portable-smart-touch-screen,ERROR,,,,"Unexpected token '.', ...'
  'pros':.',
    'I'... is not valid JSON"
kogan-4k-google-tv-dongle,REVIEW,489,0,0.0125,"no search sources"
google-premium-audio-speaker,REVIEW,523,0,0.0402,"1 [VERIFY] to resolve; no search sources"
google-tv-streamer-4k,REVIEW,546,0,0.0289,"no search sources"
tcl-2-1-ch-soundbar-with-wireless-subwoofer-s55h,REVIEW,501,9,0.0157,"1 [VERIFY] to resolve"
eufy-all-in-one-smart-display-e10,REVIEW,487,11,0.0200,"2 [VERIFY] to resolve"
samsung-hw-b400f-b-series-2-0ch-soundbar,REVIEW,477,0,0.0136,"no search sources"
englaon-anywhere-32-4k-uhd-touch-screen,ERROR,,,,"Unexpected token '.', ...'
  'pros':.',
    'I'... is not valid JSON"
yamaha-musiccast-20-wireless-speaker,ERROR,,,,"Unexpected token '.', ...'
  'pros':.',
    'O'... is not valid JSON"
atlantic-cozytouch-v2-bridge-box-home-automation-connection-for-cozytouch-applic,ERROR,,,,"Unexpected token '.', ...'
  'pros':.',
    'A'... is not valid JSON"
tuya-zigbee-matter-thread-gateway-smart-home-bridge-matter-hub,REVIEW,499,10,0.0184,"1 [VERIFY] to resolve"
zemismart-matter-zigbee-thread-smart-home-hub,REVIEW,485,0,0.0159,"1 [VERIFY] to resolve; no search sources"
samsung-smartthings-station-with-15w-wireless-charger,REVIEW,526,0,0.0272,"no search sources"
wifi-rf-bridge-smart-home-automation-module,REVIEW,506,0,0.0186,"1 [VERIFY] to resolve; no search sources"
go-smart-bridge-home-automation-hub,REVIEW,522,0,0.0154,"1 [VERIFY] to resolve; no search sources"
aqara-hub-m3-matter-zigbee-coordinator,REVIEW,507,0,0.0216,"no search sources"
3-5-inch-smart-home-control-panel,REVIEW,535,4,0.0170,"3 [VERIFY] to resolve"
philips-hue-play-light-bar-2-pack,REVIEW,511,0,0.0184,"no search sources"
aqara-hub-m100,ERROR,,,,"Unexpected token '.', ...'
  'pros':.',
    'A'... is not valid JSON"
aqara-smart-light-switch-h1-eu-no-neutral,REVIEW,523,6,0.0183,"2 [VERIFY] to resolve"
arlec-9w-92mm-grid-connect-smart-rgb-cct-led-downlight,ERROR,,,,"Unexpected token '.', ...'
  'pros':.',
    'C'... is not valid JSON"
arlec-grid-connect-smart-strip-light-with-razer-chroma-rgb,REVIEW,527,0,0.0172,"1 [VERIFY] to resolve; no search sources"
tp-link-tapo-l530e-smart-wi-fi-multicolour-bulb,REVIEW,546,0,0.0299,"1 [VERIFY] to resolve; no search sources"
mirabella-genio-3m-wi-fi-led-strip-light,REVIEW,506,6,0.0123,"1 [VERIFY] to resolve"
tp-link-tapo-b22-multicolour-bulb,REVIEW,514,0,0.0156,"1 [VERIFY] to resolve; no search sources"
wiz-colour-a60-e27-smart-bulb,REVIEW,563,0,0.0373,"1 [VERIFY] to resolve; no search sources"
ecovacs-deebot-x8-pro-omni-robotic-vacuum-cleaner,REVIEW,536,11,0.0153,"1 [VERIFY] to resolve"
ecovacs-deebot-t80s-omni-robot-vacuum-mop,REVIEW,534,0,0.0158,"1 [VERIFY] to resolve; no search sources"
irobot-roomba-max-705-combo-x185000,ERROR,,,,"Unexpected token '.', ...'
  'pros':.',
    'E'... is not valid JSON"
roborock-qrevo-edge-c-vacuum-cleaner,REVIEW,525,0,0.0161,"no search sources"
dreame-aqua10-ultra-roller-robot-vacuum-cleaner,REVIEW,508,0,0.0182,"1 [VERIFY] to resolve; no search sources"
electrolux-ultimatehome-700-robotic-vacuum-mop,PASS,477,6,0.0099,""
dreame-l50-ultra-robot-vacuum-cleaner,REVIEW,510,10,0.0204,"1 [VERIFY] to resolve"
dyson-spot-scrub-ai-robot-vacuum,REVIEW,545,0,0.0357,"1 [VERIFY] to resolve; no search sources"
eufy-clean-robovac-vacuum-l60-ses-t2278t11,REVIEW,528,0,0.0182,"no search sources"
irobot-roomba-e5-robot-vacuum,REVIEW,485,0,0.0232,"2 [VERIFY] to resolve; no search sources"
dreame-x60-ultra-robot-vacuum-cleaner,ERROR,,,,"Unexpected token '.', ...'
  'pros':.',
    'A'... is not valid JSON"
dreame-l40-plus-robot-vacuum-and-mop,REVIEW,517,0,0.0179,"no search sources"
roborock-qrevo-master-robot-vacuum,REVIEW,507,0,0.0197,"1 [VERIFY] to resolve; no search sources"
roborock-qrevo-l-pro-robot-vacuum-and-mop,PASS,481,5,0.0115,""
eufy-security-solar-wall-light-cam-s120,REVIEW,520,0,0.0126,"3 [VERIFY] to resolve; no search sources"
dreame-matrix10-ultra-robot-vacuum-cleaner,ERROR,,,,"Unexpected token '.', ...'
  'pros':.',
    'A'... is not valid JSON"
swann-xtreem4k-eco-wireless-security-camera-with-solar-panel,REVIEW,565,0,0.0161,"2 [VERIFY] to resolve; no search sources"
devanti-robot-vacuum-and-mop-self-empty-app-control-6000pa-lds-laser-3in1,REVIEW,514,0,0.0379,"1 [VERIFY] to resolve; no search sources"
swann-evo-wireless-2k-security-camera-solar,REVIEW,545,7,0.0265,"2 [VERIFY] to resolve"
tp-link-2k-tapo-smart-video-doorbell-mini,ERROR,,,,"Unexpected token '.', ...'
  'pros':.',
    'O'... is not valid JSON"
philips-2k-dual-cam-video-doorbell-dda270x-2txs3,REVIEW,512,9,0.0261,"3 [VERIFY] to resolve"
tp-link-tapo-c500-outdoor-pan-tilt-security-wifi-camera,REVIEW,517,6,0.0202,"3 [VERIFY] to resolve"
connect-smarthome-2k-outdoor-camera-with-solar-panel,REVIEW,529,0,0.0181,"2 [VERIFY] to resolve; no search sources"
ring-wired-video-doorbell-2k-plug-in,REVIEW,510,0,0.0201,"2 [VERIFY] to resolve; no search sources"
ring-alarm-5-piece-security-kit-2nd-gen,REVIEW,558,11,0.0215,"1 [VERIFY] to resolve"
tp-link-tapo-2k-3mp-solar-powered-security-camera-kit,REVIEW,530,0,0.0154,"2 [VERIFY] to resolve; no search sources"
connect-smarthome-2k-outdoor-camera-4-pack,REVIEW,496,0,0.0133,"2 [VERIFY] to resolve; no search sources"
tp-link-tapo-2k-solar-powered-pan-tilt-security-camera-kit,REVIEW,530,0,0.0132,"2 [VERIFY] to resolve; no search sources"
tp-link-tapo-d210-2k-video-doorbell-camera,REVIEW,529,0,0.0155,"2 [VERIFY] to resolve; no search sources"
eufy-smart-lock-c220-with-wi-fi,REVIEW,510,0,0.0064,"1 [VERIFY] to resolve; no search sources"
aqara-a100-smart-door-lock,ERROR,,,,"Unexpected token '.', ...'
  'pros':.',
    'A'... is not valid JSON"
eufy-security-smart-lock-touch-wifi,REVIEW,534,6,0.0165,"1 [VERIFY] to resolve"
aqara-smart-lock-u100-apple-homekey,REVIEW,495,0,0.0173,"1 [VERIFY] to resolve; no search sources"
eufy-eufycam-3-s380-4k-solar-security-camera,REVIEW,529,0,0.0241,"2 [VERIFY] to resolve; no search sources"
levoit-core-400s-air-purifier,PASS,501,5,0.0208,""
aqara-temperature-and-humidity-sensor-t1,REVIEW,546,0,0.0392,"1 [VERIFY] to resolve; UNGROUNDED: no search sources, facts unverified"
google-nest-smart-thermostat,REVIEW,519,0,0.0482,"2 [VERIFY] to resolve; UNGROUNDED: no search sources, facts unverified"
tado-smart-ac-control-v3,REVIEW,501,0,0.0470,"UNGROUNDED: no search sources, facts unverified"
aqara-temperature-and-humidity-sensor-t1,PASS,477,8,0.0262,""
google-nest-smart-thermostat,REVIEW,507,11,0.0250,"1 [VERIFY] to resolve"
tado-smart-ac-control-v3,REVIEW,498,11,0.0255,"US spelling: 'Center'; 1 [VERIFY] to resolve"
breville-smart-air-viral-protect-night-glow-purifier,PASS,518,9,0.0255,""
bing-lee-smart-air-conditioner-wifi-controller,REVIEW,554,6,0.0212,"1 [VERIFY] to resolve"
philips-pureprotect-mini-900-series-smart-air-purifier,PASS,508,11,0.0241,""
ecobee-smart-thermostat-premium,REVIEW,511,12,0.0248,"1 [VERIFY] to resolve"
breville-easy-air-connect-purifier,PASS,534,9,0.0238,""
bosch-ii-smart-thermostat,REVIEW,489,12,0.0263,"2 [VERIFY] to resolve"
levoit-core-300s-smart-air-purifier,PASS,491,10,0.0228,""
ecobee-smartsensor-2-pack,PASS,484,12,0.0281,""
airversa-smart-air-purifier-matter-over-thread,PASS,524,9,0.0286,""
switchbot-hub-2-matter-ir-ac-controller,PASS,470,9,0.0248,""
sensibo-air-smart-air-conditioner-controller,REVIEW,533,11,0.0222,"1 [VERIFY] to resolve"
shark-neverchange5-air-purifier,PASS,522,9,0.0281,""
tp-link-tapo-p300-smart-wi-fi-power-strip,REVIEW,505,12,0.0271,"1 [VERIFY] to resolve"
tp-link-tapo-p110m-mini-smart-wi-fi-plug,REVIEW,497,10,0.0222,"1 [VERIFY] to resolve"
shelly-pro-4pm-4-channel-din-rail-relay,REVIEW,547,8,0.0203,"2 [VERIFY] to resolve"
tp-link-tapo-smart-wi-fi-power-strip,REVIEW,480,7,0.0340,"1 [VERIFY] to resolve"
bluetti-ac180p-portable-power-station,REVIEW,547,11,0.0367,"1 [VERIFY] to resolve"
tapo-p110-smart-energy-monitoring,REVIEW,448,11,0.0140,"1 [VERIFY] to resolve"
eve-energy-smart-plug-matter-over-thread,REVIEW,535,8,0.0267,"1 [VERIFY] to resolve"
netatmo-smart-weather-station,PASS,502,12,0.0267,""
anker-solix-c1000-portable-power-station,PASS,493,11,0.0232,""
powersensor-energy-and-solar-monitoring-solution,REVIEW,443,9,0.0193,"1 [VERIFY] to resolve"
ecoflow-delta-2-portable-power-station-1024wh,REVIEW,533,11,0.0245,"1 [VERIFY] to resolve"
fibaro-wall-plug-z-wave-plus-au-plug,REVIEW,496,12,0.0345,"1 [VERIFY] to resolve"
sonos-era-100-smart-speaker,PASS,512,9,0.0238,""
eufy-e10-smart-display,REVIEW,493,9,0.0195,"1 [VERIFY] to resolve"
amazon-echo-4th-gen-smart-speaker,REVIEW,505,11,0.0261,"1 [VERIFY] to resolve"
nvidia-shield-tv-pro-4k-hdr-streaming-media-player,PASS,494,10,0.0195,""
amazon-echo-show-10-3rd-gen-hd-display,REVIEW,518,11,0.0259,"1 [VERIFY] to resolve"
google-nest-hub-2nd-gen-smart-display,REVIEW,490,12,0.0318,"1 [VERIFY] to resolve"
sonos-era-300-spatial-audio-speaker,PASS,492,11,0.0185,""
amazon-echo-dot-5th-gen-smart-speaker,PASS,467,11,0.0237,""
sonos-beam-gen-2-compact-smart-soundbar,PASS,511,11,0.0256,""
sonos-sub-mini-wireless-subwoofer,PASS,503,8,0.0317,""
sony-hts100f-soundbar,REVIEW,485,6,0.0253,"1 [VERIFY] to resolve"
hisense-hs2100-2-1ch-soundbar,REVIEW,479,11,0.0229,"1 [VERIFY] to resolve"
samsung-music-studio-5-speaker,PASS,489,8,0.0235,""
jbl-authentics-200-smart-home-speaker,PASS,481,9,0.0229,""
samsung-music-studio-7-wifi-bluetooth-wireless-speaker,PASS,517,10,0.0244,""
aeotec-smart-home-hub-smartthings,PASS,505,9,0.0159,""
sonos-era-100-sl,PASS,489,11,0.0252,""
amazon-echo-hub-8-smart-home-control-panel,REVIEW,533,10,0.0256,"1 [VERIFY] to resolve"
philips-hue-bridge-v2,PASS,501,11,0.0192,""
wiz-smart-colour-bulb-a60-b22,REVIEW,438,11,0.0224,"1 [VERIFY] to resolve"
homey-bridge-the-ultimate-home-automation-hub,PASS,549,11,0.0438,""
tapo-l530b-tp-link-smart-wi-fi-light-bulb,REVIEW,469,11,0.0241,"1 [VERIFY] to resolve"
govee-wi-fi-bluetooth-smart-light-bulb-e27,REVIEW,495,11,0.0274,"1 [VERIFY] to resolve"
philips-hue-lily-xl-outdoor-led-spot-light,REVIEW,485,7,0.0224,"US spelling: 'Color'; 1 [VERIFY] to resolve"
tp-link-tapo-l530e-smart-wi-fi-light-bulb-e27,REVIEW,504,10,0.0256,"1 [VERIFY] to resolve"
nanoleaf-shapes-hexagons-starter-kit-9-panels,REVIEW,495,10,0.0240,"1 [VERIFY] to resolve"
nanoleaf-essentials-smart-bulb-e27-2-pack,REVIEW,480,9,0.0250,"1 [VERIFY] to resolve"
govee-smart-light-bulb-b22,PASS,543,9,0.0336,""
govee-outdoor-spot-light-2-pack,REVIEW,525,8,0.0288,"1 [VERIFY] to resolve"
kogan-smarterhome-smart-touch-single-light-switch,REVIEW,451,6,0.0140,"1 [VERIFY] to resolve"
mirabella-genio-9w-led-wi-fi-dimmable-downlight,REVIEW,463,9,0.0244,"1 [VERIFY] to resolve"
philips-hue-discover-outdoor-floodlight,REVIEW,540,4,0.0252,"2 [VERIFY] to resolve"
philips-hue-white-color-ambiance-b22-bulb,REVIEW,484,11,0.0174,"1 [VERIFY] to resolve"
philips-hue-outdoor-lily-spotlight-base-kit,REVIEW,476,10,0.0278,"1 [VERIFY] to resolve"
nanoleaf-essentials-matter-smart-bulb-e27,REVIEW,499,8,0.0264,"1 [VERIFY] to resolve"
nanoleaf-essentials-matter-led-lightstrip-2m,REVIEW,500,10,0.0256,"1 [VERIFY] to resolve"
govee-smart-colour-downlight,REVIEW,458,10,0.0276,"1 [VERIFY] to resolve"
eufy-e22-permanent-outdoor-lights-15m,REVIEW,494,9,0.0232,"2 [VERIFY] to resolve"
lifx-clean-antibacterial-smart-bulb-e27,PASS,491,6,0.0234,""
connect-smart-rgb-led-light-bulb-b22,REVIEW,459,8,0.0273,"1 [VERIFY] to resolve"
philips-hue-lightstrip-plus-2m-base-v4,REVIEW,520,6,0.0252,"1 [VERIFY] to resolve"
lifx-z-led-lightstrip-starter-kit-2m,REVIEW,523,7,0.0246,"1 [VERIFY] to resolve"
tp-link-tapo-smart-wi-fi-light-strip,REVIEW,474,10,0.0222,"1 [VERIFY] to resolve"
wiz-smart-led-color-downlight-90mm,REVIEW,498,6,0.0263,"1 [VERIFY] to resolve"
wiz-colour-smart-downlight,REVIEW,557,7,0.0233,"1 [VERIFY] to resolve"
roborock-s8-maxv-ultra-robot-vacuum-and-mop,PASS,495,11,0.0156,""
eufy-clean-x10-pro-omni-robot-vacuum,PASS,508,11,0.0263,""
xiaomi-robot-vacuum-x20-self-cleaning,PASS,541,12,0.0301,""
irobot-roomba-combo-i5-robot-vacuum,PASS,540,10,0.0251,""
dreame-l20-ultra-robot-vacuum-with-mopextend,PASS,489,8,0.0241,""
reolink-video-doorbell-wifi-2k,REVIEW,467,8,0.0226,"3 [VERIFY] to resolve"
eufy-security-indoor-cam-s350-dual-lens,REVIEW,527,12,0.0255,"2 [VERIFY] to resolve"
tp-link-tapo-d230s1-smart-video-doorbell,REVIEW,491,11,0.0211,"2 [VERIFY] to resolve"
swann-max-4k-ultra-hd-security-system,REVIEW,500,12,0.0346,"1 [VERIFY] to resolve"
ring-indoor-cam-2nd-gen,REVIEW,509,11,0.0237,"2 [VERIFY] to resolve"
tp-link-tapo-c220-2k-pan-tilt-security-camera,REVIEW,466,7,0.0220,"1 [VERIFY] to resolve"
eufy-eufycam-2c-pro-2k-wireless-security-system,REVIEW,496,12,0.0212,"1 [VERIFY] to resolve"
google-nest-cam-outdoor-or-indoor-battery,REVIEW,517,11,0.0321,"2 [VERIFY] to resolve"
ring-floodlight-cam-plus-wired,REVIEW,506,6,0.0272,"2 [VERIFY] to resolve"
ring-spotlight-cam-pro-battery,REVIEW,484,11,0.0249,"2 [VERIFY] to resolve"
ring-video-doorbell-2nd-gen,REVIEW,486,12,0.0216,"3 [VERIFY] to resolve"
yale-assure-lock-sl-key-free-deadbolt,REVIEW,515,7,0.0176,"1 [VERIFY] to resolve"
tuya-wifi-temperature-humidity-sensor-indoor-hygrometer-thermometer-detector-sma,PASS,532,11,0.0244,""
august-wi-fi-smart-lock-4th-gen,REVIEW,502,12,0.0303,"1 [VERIFY] to resolve"
sensibo-sky-smart-air-conditioner-controller,REVIEW,510,11,0.0246,"1 [VERIFY] to resolve"
sensibo-air-pro-smart-ac-controller-with-air-quality,REVIEW,537,9,0.0266,"1 [VERIFY] to resolve"
sensibo-elements-indoor-air-quality-monitor,PASS,475,10,0.0167,""
tuya-smart-wifi-ir-air-conditioner-controller-thermostat,REVIEW,515,7,0.0281,"1 [VERIFY] to resolve"
smartmi-air-purifier-c1,PASS,482,10,0.0265,""
kogan-smarterhome-zigbee-temperature-and-humidity-sensor,REVIEW,538,6,0.0239,"1 [VERIFY] to resolve"
iammeter-wem3050t-wifi-energy-meter,REVIEW,515,12,0.0255,"1 [VERIFY] to resolve"
switchbot-smart-plug-mini-au,REVIEW,504,12,0.0277,"1 [VERIFY] to resolve"
millers-falls-portable-power-station-400w,REVIEW,478,8,0.0229,"1 [VERIFY] to resolve"
tuya-smart-circuit-breaker,REVIEW,497,12,0.0243,"US spelling: 'Center'; 2 [VERIFY] to resolve"
arlec-grid-connect-smart-4-outlet-powerboard-with-usb-a-and-c-charger,REVIEW,520,10,0.0259,"1 [VERIFY] to resolve"
google-premium-audio-speaker,PASS,500,12,0.0246,""
kogan-4k-google-tv-dongle,PASS,477,7,0.0224,""
lg-32-stanbyme-2-max-portable-smart-touch-screen,PASS,523,9,0.0295,""
samsung-hw-b400f-b-series-2-0ch-soundbar,PASS,488,6,0.0232,""
google-tv-streamer-4k,PASS,527,9,0.0273,""
yamaha-musiccast-20-wireless-speaker,PASS,517,10,0.0244,""
englaon-anywhere-32-4k-uhd-touch-screen,PASS,493,5,0.0284,""
samsung-smartthings-station-with-15w-wireless-charger,PASS,531,11,0.0258,""
atlantic-cozytouch-v2-bridge-box-home-automation-connection-for-cozytouch-applic,REVIEW,504,11,0.0219,"1 [VERIFY] to resolve"
zemismart-matter-zigbee-thread-smart-home-hub,PASS,491,10,0.0211,""
aqara-hub-m3-matter-zigbee-coordinator,REVIEW,503,10,0.0230,"1 [VERIFY] to resolve"
go-smart-bridge-home-automation-hub,PASS,471,8,0.0283,""
wifi-rf-bridge-smart-home-automation-module,REVIEW,513,7,0.0232,"1 [VERIFY] to resolve"
aqara-hub-m100,REVIEW,508,8,0.0279,"US spelling: 'Center'"
philips-hue-play-light-bar-2-pack,REVIEW,531,5,0.0244,"US spelling: 'Color'"
tp-link-tapo-l530e-smart-wi-fi-multicolour-bulb,REVIEW,503,9,0.0255,"1 [VERIFY] to resolve"
arlec-grid-connect-smart-strip-light-with-razer-chroma-rgb,REVIEW,494,9,0.0289,"1 [VERIFY] to resolve"
wiz-colour-a60-e27-smart-bulb,REVIEW,508,9,0.0254,"1 [VERIFY] to resolve"
arlec-9w-92mm-grid-connect-smart-rgb-cct-led-downlight,REVIEW,518,11,0.0179,"1 [VERIFY] to resolve"
tp-link-tapo-b22-multicolour-bulb,REVIEW,464,11,0.0284,"2 [VERIFY] to resolve"
irobot-roomba-max-705-combo-x185000,PASS,496,7,0.0253,""
dyson-spot-scrub-ai-robot-vacuum,REVIEW,542,9,0.0247,"1 [VERIFY] to resolve"
ecovacs-deebot-t80s-omni-robot-vacuum-mop,REVIEW,528,7,0.0358,"1 [VERIFY] to resolve"
dreame-aqua10-ultra-roller-robot-vacuum-cleaner,PASS,529,11,0.0276,""
roborock-qrevo-edge-c-vacuum-cleaner,PASS,495,11,0.0262,""
irobot-roomba-e5-robot-vacuum,PASS,557,6,0.0231,""
dreame-l40-plus-robot-vacuum-and-mop,PASS,486,11,0.0281,""
eufy-clean-robovac-vacuum-l60-ses-t2278t11,PASS,521,8,0.0344,""
dreame-x60-ultra-robot-vacuum-cleaner,REVIEW,487,9,0.0291,"1 [VERIFY] to resolve"
roborock-qrevo-master-robot-vacuum,PASS,550,11,0.0223,""
dreame-matrix10-ultra-robot-vacuum-cleaner,PASS,486,9,0.0247,""
devanti-robot-vacuum-and-mop-self-empty-app-control-6000pa-lds-laser-3in1,REVIEW,501,9,0.0234,"1 [VERIFY] to resolve"
swann-xtreem4k-eco-wireless-security-camera-with-solar-panel,REVIEW,490,8,0.0255,"2 [VERIFY] to resolve"
eufy-security-solar-wall-light-cam-s120,REVIEW,510,9,0.0265,"2 [VERIFY] to resolve"
tp-link-2k-tapo-smart-video-doorbell-mini,REVIEW,559,9,0.0262,"2 [VERIFY] to resolve"
ring-wired-video-doorbell-2k-plug-in,REVIEW,553,6,0.0237,"2 [VERIFY] to resolve"
connect-smarthome-2k-outdoor-camera-with-solar-panel,REVIEW,487,5,0.0227,"2 [VERIFY] to resolve"
tp-link-tapo-2k-3mp-solar-powered-security-camera-kit,REVIEW,496,10,0.0299,"1 [VERIFY] to resolve"
connect-smarthome-2k-outdoor-camera-4-pack,REVIEW,480,6,0.0203,"2 [VERIFY] to resolve"
tp-link-tapo-d210-2k-video-doorbell-camera,REVIEW,465,11,0.0269,"1 [VERIFY] to resolve"
tp-link-tapo-2k-solar-powered-pan-tilt-security-camera-kit,REVIEW,538,9,0.0226,"2 [VERIFY] to resolve"
aqara-a100-smart-door-lock,REVIEW,515,11,0.0222,"1 [VERIFY] to resolve"
eufy-smart-lock-c220-with-wi-fi,REVIEW,529,9,0.0250,"1 [VERIFY] to resolve"
aqara-smart-lock-u100-apple-homekey,REVIEW,519,10,0.0195,"1 [VERIFY] to resolve"
eufy-eufycam-3-s380-4k-solar-security-camera,REVIEW,460,9,0.0298,"2 [VERIFY] to resolve"
